timestamp,moisture,tilt,acoustic,rain_mm,ndwi,sar_backscatter,target_fs
2026-06-01 00:00:00,31.76,0.0,88.9,0.56,0.2882,-13.36,1.0327
2026-06-01 01:00:00,32.62,0.0,50.0,3.61,0.3212,-13.71,1.0327
2026-06-01 02:00:00,32.72,0.0,89.8,1.58,0.3023,-13.29,1.0327
2026-06-01 03:00:00,32.84,0.0,82.9,1.1,0.3534,-13.39,1.0327
2026-06-01 04:00:00,32.3,0.0,79.7,0.2,0.3339,-13.22,1.0327
2026-06-01 05:00:00,31.74,0.0,74.2,0.2,0.3184,-13.18,1.0327
2026-06-01 06:00:00,31.11,0.0,96.9,0.07,0.3318,-12.98,1.0327
2026-06-01 07:00:00,31.47,0.0,94.2,2.41,0.3024,-12.76,1.0327
2026-06-01 08:00:00,31.43,0.0,68.4,1.1,0.323,-13.02,1.0327
2026-06-01 09:00:00,31.81,0.0,86.1,1.48,0.3202,-13.56,1.0327
2026-06-01 10:00:00,31.28,0.0,65.4,0.02,0.3179,-12.75,1.0327
2026-06-01 11:00:00,32.39,0.0,59.3,4.2,0.3399,-12.85,1.0327
2026-06-01 12:00:00,32.61,0.0,70.6,2.14,0.3332,-12.44,1.0327
2026-06-01 13:00:00,32.34,0.0,92.9,0.29,0.3248,-13.67,1.0327
2026-06-01 14:00:00,32.28,0.0,94.3,0.24,0.2953,-13.25,1.0327
2026-06-01 15:00:00,31.77,0.0,87.7,0.24,0.3026,-13.87,1.0327
2026-06-01 16:00:00,31.4,0.0,90.9,0.44,0.3128,-13.01,1.0327
2026-06-01 17:00:00,31.46,0.0,87.7,0.89,0.3165,-13.36,1.0327
2026-06-01 18:00:00,31.39,0.0,70.4,0.68,0.2976,-12.6,1.0327
2026-06-01 19:00:00,31.4,0.0,86.5,0.41,0.3509,-13.41,1.0327
2026-06-01 20:00:00,31.48,0.0,92.0,1.14,0.3379,-13.7,1.0327
2026-06-01 21:00:00,31.07,0.0,91.3,0.18,0.3217,-13.27,1.0327
2026-06-01 22:00:00,30.93,0.0,97.8,0.41,0.3129,-13.7,1.0327
2026-06-01 23:00:00,30.94,0.0,90.6,0.55,0.3086,-12.88,1.0327
2026-06-02 00:00:00,30.97,0.0,85.3,0.73,0.2977,-13.73,1.0327
2026-06-02 01:00:00,31.33,0.0,96.1,1.85,0.3154,-13.16,1.0327
2026-06-02 02:00:00,31.19,0.0,79.6,0.27,0.3172,-13.77,1.0327
2026-06-02 03:00:00,31.28,0.0,66.8,0.87,0.2953,-13.26,1.0327
2026-06-02 04:00:00,31.47,0.0,77.6,1.08,0.3201,-12.7,1.0327
2026-06-02 05:00:00,31.17,0.0,68.8,0.06,0.3109,-13.04,1.0327
2026-06-02 06:00:00,31.16,0.0,69.9,1.12,0.2846,-13.4,1.0327
2026-06-02 07:00:00,30.88,0.0,77.8,0.22,0.2986,-13.1,1.0327
2026-06-02 08:00:00,30.75,0.0,68.1,0.08,0.3044,-13.07,1.0327
2026-06-02 09:00:00,31.54,0.0,75.4,3.57,0.3439,-13.06,1.0327
2026-06-02 10:00:00,32.59,0.0,51.6,4.04,0.3304,-13.79,1.0327
2026-06-02 11:00:00,32.67,0.0,83.2,1.98,0.3025,-13.21,1.0327
2026-06-02 12:00:00,32.27,0.0,80.0,0.44,0.3274,-14.14,1.0327
2026-06-02 13:00:00,31.99,0.0,67.7,0.12,0.2951,-13.47,1.0327
2026-06-02 14:00:00,32.03,0.0,89.9,1.38,0.3348,-13.43,1.0327
2026-06-02 15:00:00,31.79,0.0,94.1,0.7,0.31,-13.06,1.0327
2026-06-02 16:00:00,31.19,0.0,55.9,0.16,0.312,-13.14,1.0327
2026-06-02 17:00:00,31.2,0.0,68.6,0.82,0.3334,-13.57,1.0327
2026-06-02 18:00:00,30.93,0.0,68.5,0.04,0.2925,-13.4,1.0327
2026-06-02 19:00:00,31.91,0.0,65.9,2.88,0.2969,-13.21,1.0327
2026-06-02 20:00:00,31.52,0.0,92.4,0.36,0.3067,-13.22,1.0327
2026-06-02 21:00:00,31.59,0.0,77.1,1.3,0.3314,-13.39,1.0327
2026-06-02 22:00:00,31.35,0.0,76.0,0.45,0.2916,-13.32,1.0327
2026-06-02 23:00:00,31.5,0.0,50.0,0.88,0.2728,-12.99,1.0327
2026-06-03 00:00:00,31.39,0.0,89.5,0.95,0.3079,-13.34,1.0327
2026-06-03 01:00:00,31.11,0.0,61.4,0.25,0.3212,-13.16,1.0327
2026-06-03 02:00:00,32.3,0.0,80.9,4.19,0.3383,-12.68,1.0327
2026-06-03 03:00:00,32.44,0.0,84.2,1.79,0.3142,-13.78,1.0327
2026-06-03 04:00:00,33.02,0.0,100.4,3.37,0.3185,-14.0,1.0327
2026-06-03 05:00:00,33.39,0.0,60.4,2.7,0.3443,-13.27,1.0327
2026-06-03 06:00:00,33.29,0.0,50.0,1.09,0.2983,-13.7,1.0327
2026-06-03 07:00:00,33.57,0.0,82.8,3.06,0.3223,-13.63,1.0327
2026-06-03 08:00:00,32.96,0.0,107.0,0.11,0.3272,-13.67,1.0327
2026-06-03 09:00:00,32.35,0.0,98.6,0.26,0.3273,-13.42,1.0327
2026-06-03 10:00:00,32.03,0.0,83.1,0.06,0.3109,-12.8,1.0327
2026-06-03 11:00:00,31.48,0.0,72.6,0.47,0.3157,-12.95,1.0327
2026-06-03 12:00:00,31.19,0.0,92.1,0.59,0.276,-12.89,1.0327
2026-06-03 13:00:00,30.99,0.0,65.4,0.38,0.3023,-13.54,1.0327
2026-06-03 14:00:00,31.61,0.0,87.1,2.12,0.3228,-13.56,1.0327
2026-06-03 15:00:00,31.35,0.0,87.6,0.53,0.2996,-14.02,1.0327
2026-06-03 16:00:00,31.01,0.0,95.9,0.4,0.3131,-13.36,1.0327
2026-06-03 17:00:00,31.26,0.0,121.4,0.94,0.3205,-12.87,1.0327
2026-06-03 18:00:00,30.71,0.0,85.9,0.18,0.3053,-12.91,1.0327
2026-06-03 19:00:00,30.74,0.0,72.4,1.94,0.3131,-13.14,1.0327
2026-06-03 20:00:00,30.51,0.0,79.6,0.09,0.2947,-13.04,1.0327
2026-06-03 21:00:00,31.95,0.0,53.5,5.2,0.315,-13.48,1.0327
2026-06-03 22:00:00,31.95,0.0,69.6,1.78,0.3272,-13.21,1.0327
2026-06-03 23:00:00,31.67,0.0,73.9,0.27,0.3187,-13.0,1.0327
2026-06-04 00:00:00,31.27,0.0,72.1,0.01,0.3051,-13.64,1.0327
2026-06-04 01:00:00,31.5,0.0,82.3,2.03,0.3187,-13.11,1.0327
2026-06-04 02:00:00,31.41,0.0,67.7,1.47,0.3254,-12.9,1.0327
2026-06-04 03:00:00,31.68,0.0,96.8,1.57,0.2856,-13.35,1.0327
2026-06-04 04:00:00,31.95,0.0,80.0,1.77,0.3355,-13.06,1.0327
2026-06-04 05:00:00,31.5,0.0,79.9,0.09,0.3102,-12.35,1.0327
2026-06-04 06:00:00,31.54,0.0,75.1,0.53,0.3219,-13.24,1.0327
2026-06-04 07:00:00,31.01,0.0,82.3,0.15,0.3302,-13.0,1.0327
2026-06-04 08:00:00,31.25,0.0,92.4,2.39,0.2932,-13.38,1.0327
2026-06-04 09:00:00,31.17,0.0,67.0,1.17,0.3026,-13.09,1.0327
2026-06-04 10:00:00,30.95,0.0,70.1,0.48,0.3076,-12.97,1.0327
2026-06-04 11:00:00,30.66,0.0,75.4,0.08,0.2983,-13.0,1.0327
2026-06-04 12:00:00,30.46,0.0,59.8,0.45,0.3349,-13.33,1.0327
2026-06-04 13:00:00,30.38,0.0,67.7,0.47,0.2955,-12.95,1.0327
2026-06-04 14:00:00,30.46,0.0,72.9,1.57,0.3005,-12.59,1.0327
2026-06-04 15:00:00,30.81,0.0,93.1,1.22,0.3141,-12.95,1.0327
2026-06-04 16:00:00,31.37,0.0,83.9,2.62,0.2965,-12.89,1.0327
2026-06-04 17:00:00,31.41,0.0,82.9,0.77,0.3088,-13.25,1.0327
2026-06-04 18:00:00,31.1,0.0,92.8,0.15,0.3176,-12.91,1.0327
2026-06-04 19:00:00,31.32,0.0,77.9,1.5,0.3092,-13.08,1.0327
2026-06-04 20:00:00,31.61,0.0,85.9,1.72,0.3146,-13.5,1.0327
2026-06-04 21:00:00,31.59,0.0,78.5,0.99,0.3079,-13.12,1.0327
2026-06-04 22:00:00,31.87,0.0,84.0,1.77,0.2949,-13.56,1.0327
2026-06-04 23:00:00,31.89,0.0,71.3,0.82,0.3226,-13.45,1.0327
2026-06-05 00:00:00,31.77,0.0,50.0,0.89,0.3433,-13.18,1.0327
2026-06-05 01:00:00,31.66,0.0,78.0,0.67,0.3165,-13.13,1.0327
2026-06-05 02:00:00,31.21,0.0,101.3,0.03,0.3169,-13.51,1.0327
2026-06-05 03:00:00,31.09,0.0,93.9,0.14,0.3232,-12.81,1.0327
2026-06-05 04:00:00,30.63,0.0,94.5,0.04,0.2909,-12.88,1.0327
2026-06-05 05:00:00,31.01,0.0,98.5,1.21,0.3378,-13.33,1.0327
2026-06-05 06:00:00,30.8,0.0,81.3,0.45,0.314,-13.54,1.0327
2026-06-05 07:00:00,30.55,0.0,83.0,0.85,0.3339,-13.08,1.0327
2026-06-05 08:00:00,31.26,0.0,70.7,2.86,0.3028,-13.29,1.0327
2026-06-05 09:00:00,30.89,0.0,75.3,0.34,0.3388,-13.06,1.0327
2026-06-05 10:00:00,30.89,0.0,89.2,0.63,0.3232,-13.21,1.0327
2026-06-05 11:00:00,31.04,0.0,98.1,1.69,0.3207,-13.72,1.0327
2026-06-05 12:00:00,30.72,0.0,77.9,0.31,0.314,-13.18,1.0327
2026-06-05 13:00:00,30.14,0.0,73.2,0.1,0.3031,-13.06,1.0327
2026-06-05 14:00:00,29.96,0.0,80.0,0.41,0.3238,-12.75,1.0327
2026-06-05 15:00:00,29.43,0.0,89.0,0.21,0.3046,-13.07,1.0327
2026-06-05 16:00:00,30.14,0.0,58.3,3.19,0.2774,-12.47,1.0327
2026-06-05 17:00:00,30.69,0.0,50.0,1.98,0.2935,-13.64,1.0327
2026-06-05 18:00:00,30.91,0.0,71.7,1.2,0.3088,-12.71,1.0327
2026-06-05 19:00:00,31.48,0.0,61.7,2.46,0.3198,-13.26,1.0327
2026-06-05 20:00:00,31.6,0.0,72.4,1.95,0.3151,-12.96,1.0327
2026-06-05 21:00:00,31.25,0.0,77.8,0.25,0.332,-13.13,1.0327
2026-06-05 22:00:00,31.8,0.0,73.2,2.68,0.2879,-12.9,1.0327
2026-06-05 23:00:00,31.49,0.0,101.8,0.93,0.3174,-13.31,1.0327
2026-06-06 00:00:00,31.99,0.0,84.9,1.98,0.2911,-13.61,1.0327
2026-06-06 01:00:00,32.6,0.0,84.5,2.72,0.3335,-12.95,1.0327
2026-06-06 02:00:00,32.17,0.0,89.3,0.46,0.318,-13.34,1.0327
2026-06-06 03:00:00,31.72,0.0,62.9,0.14,0.323,-13.17,1.0327
2026-06-06 04:00:00,31.42,0.0,95.6,0.31,0.3018,-12.81,1.0327
2026-06-06 05:00:00,30.93,0.0,78.9,0.67,0.331,-13.41,1.0327
2026-06-06 06:00:00,31.26,0.0,90.1,2.04,0.3294,-12.98,1.0327
2026-06-06 07:00:00,31.6,0.0,63.9,2.37,0.3246,-13.39,1.0327
2026-06-06 08:00:00,31.02,0.0,56.7,0.01,0.3104,-13.16,1.0327
2026-06-06 09:00:00,30.91,0.0,92.3,0.86,0.3204,-13.08,1.0327
2026-06-06 10:00:00,31.06,0.0,85.6,0.65,0.302,-13.57,1.0327
2026-06-06 11:00:00,30.89,0.0,66.5,0.3,0.3244,-13.33,1.0327
2026-06-06 12:00:00,30.51,0.0,67.0,0.15,0.3339,-12.63,1.0327
2026-06-06 13:00:00,30.47,0.0,96.9,0.49,0.325,-12.76,1.0327
2026-06-06 14:00:00,31.59,0.0,62.2,3.44,0.3049,-13.23,1.0327
2026-06-06 15:00:00,31.46,0.0,104.6,0.47,0.3205,-13.12,1.0327
2026-06-06 16:00:00,31.36,0.0,66.5,0.88,0.295,-13.26,1.0327
2026-06-06 17:00:00,31.37,0.0,89.6,1.46,0.3231,-12.77,1.0327
2026-06-06 18:00:00,31.26,0.0,75.1,0.54,0.3206,-13.22,1.0327
2026-06-06 19:00:00,32.43,0.0,89.0,4.28,0.293,-13.28,1.0327
2026-06-06 20:00:00,33.41,0.0,71.8,3.94,0.3097,-13.17,1.0327
2026-06-06 21:00:00,32.98,0.0,77.6,0.35,0.3202,-13.67,1.0327
2026-06-06 22:00:00,32.83,0.0,80.6,0.83,0.319,-12.95,1.0327
2026-06-06 23:00:00,32.32,0.0,65.0,0.43,0.3022,-13.79,1.0327
2026-06-07 00:00:00,32.14,0.0,91.1,0.4,0.3251,-12.81,1.0327
2026-06-07 01:00:00,31.69,0.0,72.3,0.05,0.3202,-13.34,1.0327
2026-06-07 02:00:00,31.95,0.0,76.6,1.13,0.3152,-13.34,1.0327
2026-06-07 03:00:00,31.67,0.0,65.1,0.84,0.305,-13.79,1.0327
2026-06-07 04:00:00,31.51,0.0,50.0,0.06,0.3311,-13.34,1.0327
2026-06-07 05:00:00,31.25,0.0,77.1,0.39,0.3386,-13.47,1.0327
2026-06-07 06:00:00,31.77,0.0,116.2,2.87,0.3097,-13.42,1.0327
2026-06-07 07:00:00,31.36,0.0,91.8,0.33,0.3052,-13.22,1.0327
2026-06-07 08:00:00,30.97,0.0,79.7,0.19,0.3194,-12.82,1.0327
2026-06-07 09:00:00,30.96,0.0,76.1,0.81,0.3066,-13.05,1.0327
2026-06-07 10:00:00,32.47,0.0,80.3,5.09,0.3192,-13.27,1.0327
2026-06-07 11:00:00,31.96,0.0,88.2,0.33,0.3293,-13.6,1.0327
2026-06-07 12:00:00,31.95,0.0,62.3,1.34,0.2895,-13.54,1.0327
2026-06-07 13:00:00,32.4,0.0,96.7,1.72,0.3407,-12.81,1.0327
2026-06-07 14:00:00,32.25,0.0,90.7,0.33,0.321,-13.54,1.0327
2026-06-07 15:00:00,32.35,0.0,90.8,1.56,0.3144,-12.84,1.0327
2026-06-07 16:00:00,32.03,0.0,86.6,0.55,0.3172,-13.36,1.0327
2026-06-07 17:00:00,31.98,0.0,80.3,1.2,0.3177,-13.28,1.0327
2026-06-07 18:00:00,32.02,0.0,90.1,1.2,0.2925,-12.96,1.0327
2026-06-07 19:00:00,31.7,0.0,88.9,0.92,0.339,-12.85,1.0327
2026-06-07 20:00:00,31.26,0.0,74.7,0.11,0.3144,-13.19,1.0327
2026-06-07 21:00:00,31.38,0.0,71.4,2.16,0.3212,-13.29,1.0327
2026-06-07 22:00:00,31.19,0.0,81.5,0.46,0.3277,-13.16,1.0327
2026-06-07 23:00:00,30.99,0.0,103.2,0.25,0.2968,-13.01,1.0327
2026-06-08 00:00:00,30.58,0.0,61.4,0.05,0.3167,-12.78,1.0327
2026-06-08 01:00:00,30.88,0.0,58.0,1.07,0.3075,-13.09,1.0327
2026-06-08 02:00:00,30.83,0.0,82.5,1.36,0.3238,-12.9,1.0327
2026-06-08 03:00:00,30.28,0.0,80.8,0.02,0.2758,-12.5,1.0327
2026-06-08 04:00:00,30.34,0.0,82.6,0.86,0.3066,-12.89,1.0327
2026-06-08 05:00:00,30.32,0.0,83.7,0.31,0.299,-12.91,1.0327
2026-06-08 06:00:00,30.73,0.0,76.7,1.24,0.317,-13.53,1.0327
2026-06-08 07:00:00,30.41,0.0,102.3,0.23,0.3156,-13.81,1.0327
2026-06-08 08:00:00,30.78,0.0,56.0,1.41,0.3002,-12.96,1.0327
2026-06-08 09:00:00,30.65,0.0,67.6,0.59,0.2993,-13.09,1.0327
2026-06-08 10:00:00,31.46,0.0,78.5,3.31,0.3134,-13.35,1.0327
2026-06-08 11:00:00,31.24,0.0,55.4,0.18,0.3002,-13.08,1.0327
2026-06-08 12:00:00,31.13,0.0,77.4,0.5,0.3256,-13.15,1.0327
2026-06-08 13:00:00,30.56,0.0,104.9,0.14,0.304,-12.7,1.0327
2026-06-08 14:00:00,31.56,0.0,80.3,3.1,0.2721,-13.18,1.0327
2026-06-08 15:00:00,32.22,0.0,83.5,2.52,0.3142,-13.54,1.0327
2026-06-08 16:00:00,31.75,0.0,61.1,0.36,0.3013,-12.94,1.0327
2026-06-08 17:00:00,31.81,0.0,70.8,1.29,0.2928,-13.31,1.0327
2026-06-08 18:00:00,32.14,0.0,74.4,2.04,0.3007,-13.15,1.0327
2026-06-08 19:00:00,32.02,0.0,75.2,0.97,0.3202,-13.43,1.0327
2026-06-08 20:00:00,31.78,0.0,99.2,0.91,0.3369,-13.44,1.0327
2026-06-08 21:00:00,31.34,0.0,88.4,0.33,0.319,-13.15,1.0327
2026-06-08 22:00:00,30.98,0.0,63.3,0.12,0.3029,-13.11,1.0327
2026-06-08 23:00:00,31.75,0.0,83.7,2.73,0.3237,-13.09,1.0327
2026-06-09 00:00:00,32.35,0.0,87.5,2.77,0.3137,-13.42,1.0327
2026-06-09 01:00:00,32.19,0.0,97.1,1.2,0.3092,-13.86,1.0327
2026-06-09 02:00:00,31.98,0.0,103.7,0.5,0.301,-13.41,1.0327
2026-06-09 03:00:00,31.26,0.0,64.8,0.52,0.2875,-12.92,1.0327
2026-06-09 04:00:00,31.58,0.0,67.8,1.55,0.31,-13.3,1.0327
2026-06-09 05:00:00,31.85,0.0,61.1,2.73,0.3198,-13.33,1.0327
2026-06-09 06:00:00,32.25,0.0,76.5,2.62,0.3185,-13.02,1.0327
2026-06-09 07:00:00,32.2,0.0,87.0,1.82,0.3134,-13.53,1.0327
2026-06-09 08:00:00,31.94,0.0,94.8,1.23,0.3038,-13.73,1.0327
2026-06-09 09:00:00,31.68,0.0,78.9,0.11,0.3255,-13.27,1.0327
2026-06-09 10:00:00,31.24,0.0,75.2,0.21,0.2939,-13.3,1.0327
2026-06-09 11:00:00,31.86,0.0,82.3,2.75,0.3292,-13.55,1.0327
2026-06-09 12:00:00,31.78,0.0,67.5,1.12,0.302,-13.3,1.0327
2026-06-09 13:00:00,31.41,0.0,111.3,0.01,0.3034,-13.03,1.0327
2026-06-09 14:00:00,31.05,0.0,55.9,0.13,0.2905,-13.13,1.0327
2026-06-09 15:00:00,30.95,0.0,82.8,1.31,0.3044,-13.01,1.0327
2026-06-09 16:00:00,30.75,0.0,110.4,0.01,0.3253,-12.53,1.0327
2026-06-09 17:00:00,30.42,0.0,80.1,0.21,0.3163,-13.12,1.0327
2026-06-09 18:00:00,30.23,0.0,77.1,0.95,0.3221,-12.9,1.0327
2026-06-09 19:00:00,30.39,0.0,74.6,1.41,0.3163,-13.17,1.0327
2026-06-09 20:00:00,30.77,0.0,77.3,1.27,0.2942,-13.33,1.0327
2026-06-09 21:00:00,30.67,0.0,100.6,0.3,0.3052,-13.24,1.0327
2026-06-09 22:00:00,30.82,0.0,50.0,1.49,0.2994,-13.23,1.0327
2026-06-09 23:00:00,30.55,0.0,103.0,0.32,0.3293,-12.93,1.0327
2026-06-10 00:00:00,30.36,0.0,58.6,0.47,0.2903,-12.3,1.0327
2026-06-10 01:00:00,30.96,0.0,76.0,1.65,0.3254,-13.32,1.0327
2026-06-10 02:00:00,31.11,0.0,73.6,1.26,0.3262,-13.26,1.0327
2026-06-10 03:00:00,31.59,0.0,88.8,2.27,0.3433,-13.23,1.0327
2026-06-10 04:00:00,31.77,0.0,56.0,1.29,0.3108,-13.12,1.0327
2026-06-10 05:00:00,31.7,0.0,86.9,1.01,0.3272,-13.15,1.0327
2026-06-10 06:00:00,31.26,0.0,110.4,0.12,0.348,-12.77,1.0327
2026-06-10 07:00:00,31.03,0.0,59.6,0.55,0.3031,-13.85,1.0327
2026-06-10 08:00:00,30.79,0.0,82.8,0.37,0.2879,-13.8,1.0327
2026-06-10 09:00:00,30.56,0.0,70.1,0.34,0.2813,-13.19,1.0327
2026-06-10 10:00:00,31.88,0.0,86.4,4.33,0.3284,-12.93,1.0327
2026-06-10 11:00:00,31.63,0.0,80.3,0.6,0.2879,-13.69,1.0327
2026-06-10 12:00:00,32.24,0.0,70.4,2.67,0.3143,-14.22,1.0327
2026-06-10 13:00:00,32.14,0.0,87.3,1.2,0.3258,-13.13,1.0327
2026-06-10 14:00:00,32.32,0.0,107.1,1.9,0.3232,-13.26,1.0327
2026-06-10 15:00:00,31.8,0.0,77.1,0.84,0.3235,-13.57,1.0327
2026-06-10 16:00:00,31.84,0.0,90.8,1.03,0.3207,-13.55,1.0327
2026-06-10 17:00:00,31.72,0.0,60.6,0.81,0.3358,-13.52,1.0327
2026-06-10 18:00:00,31.51,0.0,65.7,0.26,0.3011,-13.17,1.0327
2026-06-10 19:00:00,31.19,0.0,87.1,1.54,0.3032,-13.33,1.0327
2026-06-10 20:00:00,31.26,0.0,102.3,0.4,0.3022,-13.01,1.0327
2026-06-10 21:00:00,30.86,0.0,85.3,0.03,0.3238,-13.95,1.0327
2026-06-10 22:00:00,31.12,0.0,75.3,1.24,0.3264,-13.39,1.0327
2026-06-10 23:00:00,30.67,0.0,80.0,0.23,0.3169,-13.4,1.0327
2026-06-11 00:00:00,31.63,0.0,61.2,3.39,0.3338,-13.3,1.0327
2026-06-11 01:00:00,32.33,0.0,89.1,3.69,0.3027,-13.5,1.0327
2026-06-11 02:00:00,32.75,0.0,93.2,2.96,0.348,-13.16,1.0327
2026-06-11 03:00:00,32.66,0.0,73.2,0.55,0.3453,-13.95,1.0327
2026-06-11 04:00:00,32.08,0.0,72.9,0.02,0.3299,-13.28,1.0327
2026-06-11 05:00:00,32.73,0.0,84.0,3.16,0.3496,-13.23,1.0327
2026-06-11 06:00:00,32.53,0.0,73.4,0.67,0.2968,-12.81,1.0327
2026-06-11 07:00:00,33.49,0.0,79.0,4.08,0.3197,-13.67,1.0327
2026-06-11 08:00:00,34.24,0.0,111.5,3.98,0.3213,-13.55,1.0327
2026-06-11 09:00:00,34.35,0.0,76.3,2.3,0.3438,-14.21,1.0327
2026-06-11 10:00:00,34.1,0.0,74.6,0.42,0.3157,-14.34,1.0327
2026-06-11 11:00:00,33.56,0.0,70.3,0.58,0.3394,-13.28,1.0327
2026-06-11 12:00:00,33.72,0.0,91.2,2.29,0.3496,-13.57,1.0327
2026-06-11 13:00:00,33.35,0.0,77.3,0.46,0.3372,-13.15,1.0327
2026-06-11 14:00:00,32.96,0.0,70.3,0.22,0.3286,-13.85,1.0327
2026-06-11 15:00:00,32.88,0.0,99.8,0.98,0.309,-13.27,1.0327
2026-06-11 16:00:00,33.55,0.0,101.3,3.3,0.3153,-12.97,1.0327
2026-06-11 17:00:00,33.21,0.0,71.0,1.43,0.3446,-13.35,1.0327
2026-06-11 18:00:00,33.18,0.0,52.0,1.01,0.3374,-13.39,1.0327
2026-06-11 19:00:00,32.43,0.0,95.1,0.12,0.3205,-13.35,1.0327
2026-06-11 20:00:00,32.35,0.0,69.7,1.15,0.3143,-13.81,1.0327
2026-06-11 21:00:00,33.65,0.0,91.9,5.53,0.2982,-13.15,1.0327
2026-06-11 22:00:00,33.02,0.0,50.4,0.18,0.3087,-13.63,1.0327
2026-06-11 23:00:00,32.78,0.0,93.4,0.88,0.3519,-13.26,1.0327
2026-06-12 00:00:00,33.13,0.0,61.8,2.52,0.3062,-13.94,1.0327
2026-06-12 01:00:00,33.15,0.0,91.0,1.62,0.3284,-13.82,1.0327
2026-06-12 02:00:00,33.27,0.0,80.2,1.43,0.3414,-13.06,1.0327
2026-06-12 03:00:00,33.22,0.0,65.7,1.45,0.3071,-13.59,1.0327
2026-06-12 04:00:00,32.74,0.0,73.9,0.53,0.3258,-12.97,1.0327
2026-06-12 05:00:00,32.46,0.0,90.3,0.42,0.3353,-13.38,1.0327
2026-06-12 06:00:00,32.8,0.0,81.6,1.99,0.3236,-13.97,1.0327
2026-06-12 07:00:00,32.74,0.0,88.8,1.99,0.366,-13.13,1.0327
2026-06-12 08:00:00,33.11,0.0,109.6,2.42,0.3002,-13.64,1.0327
2026-06-12 09:00:00,33.63,0.0,56.5,2.93,0.3444,-13.34,1.0327
2026-06-12 10:00:00,33.21,0.0,104.3,0.86,0.3233,-13.47,1.0327
2026-06-12 11:00:00,33.08,0.0,81.6,0.84,0.3367,-13.92,1.0327
2026-06-12 12:00:00,33.12,0.0,66.5,1.92,0.332,-13.42,1.0327
2026-06-12 13:00:00,32.97,0.0,60.0,1.26,0.3134,-12.78,1.0327
2026-06-12 14:00:00,32.85,0.0,77.2,1.45,0.3271,-13.27,1.0327
2026-06-12 15:00:00,32.94,0.0,93.8,1.91,0.2964,-13.45,1.0327
2026-06-12 16:00:00,33.11,0.0,78.1,2.65,0.3343,-13.14,1.0327
2026-06-12 17:00:00,32.45,0.0,102.7,0.49,0.3257,-13.29,1.0327
2026-06-12 18:00:00,32.36,0.0,58.2,0.57,0.3302,-13.28,1.0327
2026-06-12 19:00:00,31.75,0.0,79.8,0.12,0.3327,-13.57,1.0327
2026-06-12 20:00:00,31.51,0.0,61.2,1.04,0.3209,-13.13,1.0327
2026-06-12 21:00:00,30.78,0.0,85.5,0.04,0.3131,-12.77,1.0327
2026-06-12 22:00:00,30.62,0.0,93.3,0.75,0.2966,-13.3,1.0327
2026-06-12 23:00:00,30.43,0.0,73.7,0.94,0.298,-12.59,1.0327
2026-06-13 00:00:00,30.53,0.0,50.0,0.41,0.3271,-13.06,1.0327
2026-06-13 01:00:00,30.75,0.0,83.0,1.07,0.3322,-13.34,1.0327
2026-06-13 02:00:00,30.33,0.0,86.6,0.04,0.3045,-12.71,1.0327
2026-06-13 03:00:00,30.41,0.0,86.1,0.05,0.3092,-13.1,1.0327
2026-06-13 04:00:00,30.99,0.0,98.5,2.08,0.2986,-12.89,1.0327
2026-06-13 05:00:00,30.77,0.0,63.9,0.54,0.3284,-13.16,1.0327
2026-06-13 06:00:00,30.12,0.0,90.2,0.16,0.3167,-12.99,1.0327
2026-06-13 07:00:00,30.52,0.0,97.9,0.89,0.3383,-12.89,1.0327
2026-06-13 08:00:00,30.63,0.0,53.3,1.76,0.2967,-12.97,1.0327
2026-06-13 09:00:00,30.17,0.0,84.8,0.29,0.3014,-13.58,1.0327
2026-06-13 10:00:00,30.47,0.0,72.4,1.17,0.3124,-13.36,1.0327
2026-06-13 11:00:00,30.58,0.0,78.8,0.11,0.3193,-12.77,1.0327
2026-06-13 12:00:00,30.5,0.0,85.2,0.06,0.3058,-13.07,1.0327
2026-06-13 13:00:00,30.6,0.0,72.7,0.91,0.2966,-13.21,1.0327
2026-06-13 14:00:00,30.7,0.0,69.9,0.93,0.3236,-13.47,1.0327
2026-06-13 15:00:00,30.93,0.0,80.5,1.22,0.3226,-13.43,1.0327
2026-06-13 16:00:00,31.24,0.0,63.7,1.55,0.2999,-13.76,1.0327
2026-06-13 17:00:00,32.46,0.0,63.7,4.47,0.3416,-13.39,1.0327
2026-06-13 18:00:00,32.24,0.0,90.2,0.87,0.3375,-13.5,1.0327
2026-06-13 19:00:00,31.89,0.0,62.8,0.47,0.3197,-13.55,1.0327
2026-06-13 20:00:00,31.97,0.0,90.0,1.9,0.3194,-13.3,1.0327
2026-06-13 21:00:00,31.59,0.0,86.9,0.38,0.3242,-13.1,1.0327
2026-06-13 22:00:00,31.15,0.0,54.1,0.69,0.3002,-12.51,1.0327
2026-06-13 23:00:00,30.79,0.0,69.8,0.1,0.3113,-13.53,1.0327
2026-06-14 00:00:00,30.32,0.0,97.9,0.03,0.2757,-12.65,1.0327
2026-06-14 01:00:00,31.25,0.0,65.3,3.94,0.3269,-12.86,1.0327
2026-06-14 02:00:00,31.65,0.0,73.0,2.17,0.2928,-13.46,1.0327
2026-06-14 03:00:00,31.92,0.0,86.9,1.43,0.3405,-13.21,1.0327
2026-06-14 04:00:00,31.81,0.0,91.8,0.63,0.3123,-13.39,1.0327
2026-06-14 05:00:00,31.2,0.0,76.2,0.23,0.3102,-13.09,1.0327
2026-06-14 06:00:00,30.74,0.0,71.0,0.2,0.3011,-12.62,1.0327
2026-06-14 07:00:00,30.67,0.0,101.3,0.35,0.3058,-12.88,1.0327
2026-06-14 08:00:00,30.54,0.0,106.1,0.96,0.3306,-12.89,1.0327
2026-06-14 09:00:00,30.72,0.0,94.7,1.5,0.2732,-13.2,1.0327
2026-06-14 10:00:00,30.93,0.0,81.3,1.3,0.3309,-13.55,1.0327
2026-06-14 11:00:00,30.57,0.0,67.9,0.39,0.3146,-13.11,1.0327
2026-06-14 12:00:00,31.58,0.0,67.5,3.72,0.2977,-12.85,1.0327
2026-06-14 13:00:00,31.51,0.0,87.8,1.61,0.2993,-13.66,1.0327
2026-06-14 14:00:00,31.34,0.0,86.3,0.97,0.3395,-13.49,1.0327
2026-06-14 15:00:00,31.39,0.0,101.0,1.14,0.3004,-13.14,1.0327
2026-06-14 16:00:00,30.97,0.0,89.8,0.65,0.2947,-13.41,1.0327
2026-06-14 17:00:00,30.8,0.0,57.5,0.34,0.328,-13.32,1.0327
2026-06-14 18:00:00,30.64,0.0,95.8,0.53,0.3151,-13.18,1.0327
2026-06-14 19:00:00,31.01,0.0,65.0,1.7,0.2982,-13.53,1.0327
2026-06-14 20:00:00,30.68,0.0,74.2,0.02,0.3135,-13.36,1.0327
2026-06-14 21:00:00,30.62,0.0,83.8,0.15,0.2945,-12.84,1.0327
2026-06-14 22:00:00,30.34,0.0,109.9,0.06,0.3246,-13.4,1.0327
2026-06-14 23:00:00,30.02,0.0,126.6,0.05,0.322,-13.43,1.0327
2026-06-15 00:00:00,30.6,0.0,89.1,2.32,0.3177,-13.24,1.0327
2026-06-15 01:00:00,30.88,0.0,77.3,1.46,0.3169,-12.88,1.0327
2026-06-15 02:00:00,30.82,0.0,88.0,0.77,0.3375,-13.14,1.0327
2026-06-15 03:00:00,30.53,0.0,93.3,0.12,0.3093,-13.18,1.0327
2026-06-15 04:00:00,30.4,0.0,75.2,0.81,0.2908,-13.0,1.0327
2026-06-15 05:00:00,30.28,0.0,106.9,0.77,0.3145,-13.52,1.0327
2026-06-15 06:00:00,29.88,0.0,83.5,0.23,0.3365,-12.78,1.0327
2026-06-15 07:00:00,30.16,0.0,87.5,0.68,0.2917,-12.86,1.0327
2026-06-15 08:00:00,29.92,0.0,90.0,0.61,0.3001,-13.06,1.0327
2026-06-15 09:00:00,29.99,0.0,86.3,1.15,0.3122,-12.65,1.0327
2026-06-15 10:00:00,30.07,0.0,92.6,1.21,0.3056,-13.3,1.0327
2026-06-15 11:00:00,29.97,0.0,70.7,0.06,0.2911,-12.61,1.0327
2026-06-15 12:00:00,29.89,0.0,71.6,0.56,0.3221,-12.89,1.0327
2026-06-15 13:00:00,30.26,0.0,63.5,1.18,0.3424,-13.09,1.0327
2026-06-15 14:00:00,35.95,0.0,86.6,17.32,0.3458,-13.94,1.0327
2026-06-15 15:00:00,45.99,0.0,129.9,31.3,0.3916,-15.62,0.9852
2026-06-15 16:00:00,58.35,0.0,203.9,41.84,0.4586,-17.26,0.8871
2026-06-15 17:00:00,67.58,0.0,280.9,35.84,0.5428,-19.47,0.814
2026-06-15 18:00:00,76.06,0.1,309.8,38.32,0.6081,-20.78,0.746
2026-06-15 19:00:00,82.34,0.25,360.0,34.29,0.6376,-21.28,0.6952
2026-06-15 20:00:00,87.91,0.44,369.0,34.26,0.665,-22.68,0.65
2026-06-15 21:00:00,95.0,0.67,424.8,40.78,0.7002,-23.4,0.5927
2026-06-15 22:00:00,94.67,0.91,439.0,22.12,0.6906,-23.11,0.594
2026-06-15 23:00:00,95.0,1.14,443.4,28.16,0.7215,-23.8,0.5902
2026-06-16 00:00:00,93.38,1.39,415.9,18.33,0.7127,-23.2,0.6015
2026-06-16 01:00:00,95.0,1.63,429.6,45.81,0.6858,-24.02,0.5875
2026-06-16 02:00:00,95.0,1.86,407.9,43.78,0.7328,-23.45,0.5862
2026-06-16 03:00:00,91.61,2.06,403.6,12.33,0.6966,-23.06,0.6116
2026-06-16 04:00:00,95.0,2.32,444.0,38.1,0.73,-23.53,0.5838
2026-06-16 05:00:00,95.0,2.57,439.3,42.97,0.6889,-23.87,0.5825
2026-06-16 06:00:00,94.02,2.8,431.9,20.22,0.6825,-24.01,0.5888
2026-06-16 07:00:00,95.0,3.03,431.4,32.71,0.7068,-23.52,0.58
2026-06-16 08:00:00,95.0,3.27,430.7,42.3,0.7165,-24.29,0.5788
2026-06-16 09:00:00,91.15,3.48,396.2,11.27,0.7121,-23.14,0.6072
2026-06-16 10:00:00,95.0,3.73,441.1,34.54,0.7196,-23.39,0.5763
2026-06-16 11:00:00,94.03,3.97,430.7,20.43,0.6993,-23.46,0.5825
2026-06-16 12:00:00,95.0,4.21,438.0,42.47,0.6936,-23.09,0.5738
2026-06-16 13:00:00,95.0,4.45,422.7,45.37,0.7275,-23.37,0.5726
2026-06-16 14:00:00,95.0,4.72,398.3,43.14,0.6945,-23.87,0.5713
2026-06-16 15:00:00,95.0,4.96,447.1,27.06,0.7334,-23.67,0.57
2026-06-16 16:00:00,95.0,5.21,423.4,42.41,0.7047,-23.69,0.5687
2026-06-16 17:00:00,95.0,5.44,417.7,39.59,0.7329,-24.15,0.5675
2026-06-16 18:00:00,94.98,5.69,440.9,23.19,0.7191,-23.95,0.5665
2026-06-16 19:00:00,95.0,5.92,424.7,39.41,0.7069,-23.84,0.5652
2026-06-16 20:00:00,90.97,6.13,420.8,11.45,0.6762,-23.62,0.5943
2026-06-16 21:00:00,94.6,6.39,437.4,32.3,0.7014,-23.6,0.5658
2026-06-16 22:00:00,93.38,6.62,430.6,19.24,0.7054,-23.48,0.5738
2026-06-16 23:00:00,91.16,6.82,385.7,16.74,0.6864,-23.54,0.5893
2026-06-17 00:00:00,88.63,6.99,408.2,14.29,0.6606,-22.5,0.6072
2026-06-17 01:00:00,94.19,7.23,429.4,36.32,0.7015,-23.33,0.5647
2026-06-17 02:00:00,93.75,7.45,417.1,22.29,0.7025,-23.4,0.5668
2026-06-17 03:00:00,95.0,7.68,432.8,35.6,0.6771,-23.77,0.5565
2026-06-17 04:00:00,92.03,7.91,385.0,13.95,0.6974,-23.01,0.5773
2026-06-17 05:00:00,92.22,8.13,419.0,23.01,0.677,-23.01,0.5748
2026-06-17 06:00:00,95.0,8.37,415.2,34.47,0.6917,-23.58,0.5531
2026-06-17 07:00:00,95.0,8.63,410.3,38.31,0.6837,-23.92,0.5519
2026-06-17 08:00:00,94.45,8.86,404.3,21.71,0.6787,-23.5,0.5548
2026-06-17 09:00:00,95.0,9.12,447.3,33.7,0.6887,-23.32,0.5495
2026-06-17 10:00:00,95.0,9.36,421.2,41.51,0.6984,-23.85,0.5484
2026-06-17 11:00:00,95.0,9.62,453.6,34.76,0.7383,-23.05,0.5472
2026-06-17 12:00:00,94.22,9.87,417.6,20.5,0.6962,-23.7,0.5517
2026-06-17 13:00:00,90.17,10.09,374.2,11.53,0.6817,-22.87,0.58
2026-06-17 14:00:00,95.0,10.35,413.9,42.12,0.715,-23.88,0.5438
2026-06-17 15:00:00,91.1,10.56,424.3,12.43,0.6868,-22.96,0.571
2026-06-17 16:00:00,95.0,10.82,428.3,40.75,0.7078,-24.2,0.5416
2026-06-17 17:00:00,95.0,11.06,422.4,31.31,0.6911,-23.84,0.5405
2026-06-17 18:00:00,95.0,11.31,433.0,43.71,0.7308,-24.0,0.5394
2026-06-17 19:00:00,95.0,11.55,438.2,40.06,0.7361,-23.63,0.5383
2026-06-17 20:00:00,95.0,11.79,447.4,45.39,0.6838,-23.38,0.5372
2026-06-17 21:00:00,95.0,12.03,452.4,24.99,0.6936,-23.48,0.5361
2026-06-17 22:00:00,95.0,12.27,425.2,37.44,0.7048,-24.39,0.535
2026-06-17 23:00:00,95.0,12.52,410.7,24.08,0.6945,-23.06,0.5339
2026-06-18 00:00:00,95.0,12.78,424.4,29.63,0.7166,-23.59,0.5327
2026-06-18 01:00:00,95.0,13.04,434.5,32.08,0.6981,-23.91,0.5316
2026-06-18 02:00:00,95.0,13.28,416.2,41.04,0.7415,-23.63,0.5305
2026-06-18 03:00:00,95.0,13.52,416.3,48.04,0.7269,-23.62,0.5295
2026-06-18 04:00:00,95.0,13.76,435.8,40.5,0.7122,-23.88,0.5284
2026-06-18 05:00:00,95.0,13.99,429.9,25.64,0.7244,-23.62,0.5274
2026-06-18 06:00:00,95.0,14.22,431.1,25.95,0.7256,-23.86,0.5264
2026-06-18 07:00:00,95.0,14.46,419.2,36.53,0.7005,-23.8,0.5254
2026-06-18 08:00:00,93.64,14.68,418.5,18.77,0.6883,-23.66,0.5339
2026-06-18 09:00:00,90.92,14.92,390.8,14.34,0.6849,-23.43,0.5517
2026-06-18 10:00:00,91.57,15.14,422.1,23.75,0.7007,-23.07,0.5463
2026-06-18 11:00:00,91.35,15.35,422.9,21.73,0.6884,-22.9,0.5469
2026-06-18 12:00:00,91.26,15.57,379.1,22.25,0.6621,-22.9,0.5465
2026-06-18 13:00:00,90.76,15.76,389.6,20.05,0.6707,-22.73,0.5491
2026-06-18 14:00:00,87.12,15.94,357.9,11.59,0.659,-22.28,0.5734
2026-06-18 15:00:00,83.71,16.11,348.9,11.44,0.6378,-21.97,0.5962
2026-06-18 16:00:00,92.7,16.33,414.7,44.64,0.7244,-23.04,0.5332
2026-06-18 17:00:00,94.39,16.57,405.0,25.93,0.6844,-23.98,0.5206
2026-06-18 18:00:00,94.87,16.83,416.0,24.15,0.7158,-23.92,0.5161
2026-06-18 19:00:00,95.0,17.1,415.6,36.41,0.7313,-23.96,0.5142
2026-06-18 20:00:00,93.33,17.33,423.1,18.16,0.7327,-23.08,0.5246
2026-06-18 21:00:00,95.0,17.58,431.7,43.4,0.7029,-23.39,0.5122
2026-06-18 22:00:00,95.0,17.83,419.8,37.71,0.7164,-23.53,0.5111
2026-06-18 23:00:00,92.11,18.04,414.9,14.85,0.6997,-22.88,0.5299
2026-06-19 00:00:00,93.48,18.27,412.7,25.77,0.7025,-23.69,0.5196
2026-06-19 01:00:00,95.0,18.5,426.6,40.9,0.7075,-23.57,0.5084
2026-06-19 02:00:00,95.0,18.75,455.7,43.17,0.7155,-23.71,0.5074
2026-06-19 03:00:00,95.0,18.99,450.7,27.81,0.671,-23.42,0.5064
2026-06-19 04:00:00,95.0,19.23,411.1,31.56,0.7192,-23.71,0.5055
2026-06-19 05:00:00,93.12,19.48,431.1,17.92,0.6992,-23.48,0.5171
2026-06-19 06:00:00,95.0,19.74,442.8,46.16,0.7057,-23.51,0.5034
2026-06-19 07:00:00,93.2,19.98,401.9,18.21,0.7285,-23.11,0.5145
2026-06-19 08:00:00,95.0,20.23,442.9,43.1,0.6989,-23.88,0.5015
2026-06-19 09:00:00,95.0,20.49,453.7,37.92,0.703,-23.69,0.5005
2026-06-19 10:00:00,95.0,20.72,413.8,31.83,0.7389,-23.99,0.4996
2026-06-19 11:00:00,95.0,20.98,416.9,28.5,0.6965,-24.42,0.4986
2026-06-19 12:00:00,93.99,21.2,439.4,20.08,0.6945,-23.45,0.5044
2026-06-19 13:00:00,93.09,21.44,422.5,19.71,0.6949,-23.18,0.5094
2026-06-19 14:00:00,93.48,21.67,429.2,22.84,0.7122,-23.35,0.5059
2026-06-19 15:00:00,92.08,21.91,417.1,18.21,0.694,-23.78,0.5142
2026-06-19 16:00:00,95.0,22.17,436.5,37.85,0.6896,-23.78,0.494
2026-06-19 17:00:00,94.59,22.4,408.1,22.36,0.6985,-24.27,0.4958
2026-06-19 18:00:00,91.28,22.61,422.6,13.83,0.6768,-22.65,0.5166
2026-06-19 19:00:00,95.0,22.88,448.2,44.9,0.7078,-24.0,0.4913
2026-06-19 20:00:00,95.0,23.12,427.2,41.59,0.7154,-23.3,0.4903
2026-06-19 21:00:00,95.0,23.38,430.0,45.31,0.7153,-23.39,0.4893
2026-06-19 22:00:00,95.0,23.63,407.7,44.96,0.6824,-23.95,0.4884
2026-06-19 23:00:00,92.95,23.86,425.3,16.9,0.7123,-23.68,0.5008
2026-06-20 00:00:00,93.51,24.08,429.7,23.88,0.7035,-23.32,0.4964
2026-06-20 01:00:00,95.0,24.32,429.7,37.3,0.7298,-23.93,0.4859
2026-06-20 02:00:00,95.0,24.57,447.5,34.43,0.7157,-23.64,0.4849
2026-06-20 03:00:00,92.1,24.79,407.1,15.54,0.7076,-23.34,0.5028
2026-06-20 04:00:00,95.0,25.04,439.1,38.7,0.716,-24.21,0.4832
2026-06-20 05:00:00,93.63,25.27,406.6,19.11,0.7207,-24.12,0.4911
2026-06-20 06:00:00,92.39,25.5,413.6,19.48,0.7006,-23.18,0.4982
2026-06-20 07:00:00,95.0,25.76,428.0,29.84,0.7075,-23.84,0.4806
2026-06-20 08:00:00,95.0,26.03,434.0,34.68,0.7431,-23.84,0.4796
2026-06-20 09:00:00,95.0,26.27,425.1,30.87,0.7223,-23.47,0.4787
2026-06-20 10:00:00,91.69,26.5,407.6,13.61,0.6971,-22.78,0.4989
2026-06-20 11:00:00,95.0,26.76,443.0,43.15,0.6899,-23.76,0.477
2026-06-20 12:00:00,93.84,27.0,416.7,19.6,0.6825,-23.59,0.4835
2026-06-20 13:00:00,92.36,27.24,389.7,18.5,0.697,-23.09,0.4919
2026-06-20 14:00:00,84.55,27.39,390.3,0.01,0.6464,-22.36,0.5407
2026-06-20 15:00:00,79.19,27.5,350.6,4.2,0.6018,-21.0,0.5741
2026-06-20 16:00:00,73.01,27.58,271.1,0.05,0.5748,-19.88,0.6127
2026-06-20 17:00:00,68.57,27.61,272.5,2.66,0.5689,-19.11,0.6405
2026-06-20 18:00:00,64.04,27.61,225.7,0.9,0.5275,-19.15,0.6691
2026-06-20 19:00:00,61.8,27.61,222.9,5.95,0.486,-18.42,0.6832
2026-06-20 20:00:00,57.84,27.61,198.1,0.09,0.4769,-17.81,0.7082
2026-06-20 21:00:00,54.77,27.6,170.7,0.97,0.4475,-17.01,0.7275
2026-06-20 22:00:00,53.17,27.6,152.2,4.18,0.4438,-16.63,0.7376
2026-06-20 23:00:00,50.24,27.6,134.9,0.89,0.4253,-15.84,0.7561
2026-06-21 00:00:00,47.6,27.6,114.7,1.19,0.408,-16.0,0.7727
2026-06-21 01:00:00,45.89,27.6,105.1,1.43,0.3857,-15.72,0.7835
2026-06-21 02:00:00,43.79,27.59,103.2,0.73,0.3896,-14.88,0.7968
2026-06-21 03:00:00,42.28,27.59,83.8,1.19,0.3737,-14.89,0.8063
2026-06-21 04:00:00,40.76,27.59,95.1,1.05,0.3288,-14.34,0.8159
2026-06-21 05:00:00,39.93,27.59,102.3,2.78,0.3984,-14.5,0.8207
2026-06-21 06:00:00,38.6,27.59,71.3,0.06,0.3756,-14.72,0.8207
2026-06-21 07:00:00,37.58,27.58,83.6,0.4,0.3473,-14.6,0.8207
2026-06-21 08:00:00,37.6,27.58,87.5,3.6,0.3534,-14.67,0.8207
2026-06-21 09:00:00,36.99,27.58,87.1,2.65,0.3318,-13.9,0.8207
2026-06-21 10:00:00,36.09,27.58,81.1,0.73,0.3692,-13.6,0.8208
2026-06-21 11:00:00,35.58,27.58,91.1,1.16,0.3691,-13.32,0.8208
2026-06-21 12:00:00,34.59,27.57,87.2,0.39,0.3368,-13.45,0.8208
2026-06-21 13:00:00,33.91,27.57,61.4,0.25,0.3456,-13.25,0.8208
2026-06-21 14:00:00,33.46,27.57,93.0,0.75,0.3301,-13.69,0.8208
2026-06-21 15:00:00,33.08,27.57,93.3,0.52,0.305,-13.8,0.8208
2026-06-21 16:00:00,32.85,27.57,68.6,1.05,0.3175,-13.17,0.8208
2026-06-21 17:00:00,32.16,27.56,80.6,0.1,0.3214,-13.18,0.8208
2026-06-21 18:00:00,33.38,27.56,90.2,4.4,0.3201,-13.48,0.8209
2026-06-21 19:00:00,34.51,27.56,76.9,5.14,0.3307,-13.58,0.8209
2026-06-21 20:00:00,34.23,27.56,96.1,1.44,0.3308,-13.55,0.8209
2026-06-21 21:00:00,33.66,27.56,115.5,0.92,0.3275,-13.17,0.8209
2026-06-21 22:00:00,33.07,27.55,68.2,0.44,0.3258,-13.07,0.8209
2026-06-21 23:00:00,33.04,27.55,59.3,2.02,0.3089,-13.29,0.8209
2026-06-22 00:00:00,32.89,27.55,84.6,1.39,0.3132,-13.17,0.8209
2026-06-22 01:00:00,32.63,27.55,90.8,0.21,0.3031,-13.23,0.8209
2026-06-22 02:00:00,32.89,27.55,76.5,2.9,0.3386,-13.56,0.821
2026-06-22 03:00:00,32.79,27.54,101.8,2.07,0.2917,-13.18,0.821
2026-06-22 04:00:00,33.69,27.54,59.9,3.59,0.3462,-13.98,0.821
2026-06-22 05:00:00,33.52,27.54,90.4,1.55,0.3486,-13.21,0.821
2026-06-22 06:00:00,33.15,27.54,70.9,1.14,0.321,-13.83,0.821
2026-06-22 07:00:00,32.92,27.54,105.8,0.65,0.2851,-13.35,0.821
2026-06-22 08:00:00,33.37,27.53,109.9,3.24,0.3215,-13.76,0.821
2026-06-22 09:00:00,33.85,27.53,68.5,2.41,0.3289,-13.42,0.821
2026-06-22 10:00:00,33.27,27.53,71.8,0.06,0.3111,-13.5,0.821
2026-06-22 11:00:00,32.57,27.53,92.9,0.03,0.3142,-13.85,0.8211
2026-06-22 12:00:00,32.54,27.53,74.2,0.57,0.3447,-13.24,0.8211
2026-06-22 13:00:00,32.61,27.52,79.3,2.0,0.3321,-13.55,0.8211
2026-06-22 14:00:00,34.0,27.52,80.4,5.24,0.3169,-13.35,0.8211
2026-06-22 15:00:00,33.39,27.52,51.2,0.2,0.3031,-13.51,0.8211
2026-06-22 16:00:00,33.32,27.52,79.8,1.08,0.3217,-13.38,0.8211
2026-06-22 17:00:00,33.12,27.52,69.7,0.58,0.3221,-13.75,0.8211
2026-06-22 18:00:00,33.98,27.51,72.6,4.2,0.3381,-13.78,0.8211
2026-06-22 19:00:00,33.92,27.51,101.7,2.22,0.3223,-13.74,0.8212
2026-06-22 20:00:00,34.05,27.51,61.2,2.19,0.3388,-13.36,0.8212
2026-06-22 21:00:00,33.49,27.51,92.2,0.76,0.3566,-13.02,0.8212
2026-06-22 22:00:00,33.35,27.51,75.8,0.64,0.339,-13.75,0.8212
2026-06-22 23:00:00,32.87,27.5,75.8,0.38,0.3231,-13.1,0.8212
2026-06-23 00:00:00,32.25,27.5,91.9,0.07,0.3172,-13.97,0.8212
2026-06-23 01:00:00,32.61,27.5,85.1,2.4,0.3168,-13.74,0.8212
2026-06-23 02:00:00,32.56,27.5,88.6,2.01,0.3396,-13.66,0.8212
2026-06-23 03:00:00,35.3,27.5,94.5,9.81,0.3294,-14.23,0.8213
2026-06-23 04:00:00,36.99,27.49,75.0,6.83,0.35,-14.58,0.8213
2026-06-23 05:00:00,36.16,27.49,70.8,0.97,0.3449,-13.84,0.8213
2026-06-23 06:00:00,35.64,27.49,63.7,1.76,0.3334,-13.94,0.8213
2026-06-23 07:00:00,36.02,27.49,67.6,3.48,0.3227,-13.83,0.8213
2026-06-23 08:00:00,36.03,27.49,124.2,2.27,0.3482,-13.74,0.8213
2026-06-23 09:00:00,35.29,27.48,98.7,0.34,0.3379,-13.74,0.8213
2026-06-23 10:00:00,34.82,27.48,59.7,0.72,0.3434,-13.55,0.8213
2026-06-23 11:00:00,33.94,27.48,60.2,0.17,0.3225,-13.62,0.8214
2026-06-23 12:00:00,34.31,27.48,87.2,3.7,0.351,-14.02,0.8214
2026-06-23 13:00:00,34.17,27.48,88.2,1.12,0.3187,-13.32,0.8214
2026-06-23 14:00:00,33.49,27.47,88.2,0.31,0.3533,-13.7,0.8214
2026-06-23 15:00:00,33.26,27.47,76.2,1.34,0.3,-13.77,0.8214
2026-06-23 16:00:00,33.23,27.47,78.1,1.16,0.3326,-13.54,0.8214
2026-06-23 17:00:00,32.88,27.47,84.9,0.53,0.331,-13.7,0.8214
2026-06-23 18:00:00,32.41,27.47,81.3,0.14,0.309,-13.47,0.8214
2026-06-23 19:00:00,32.67,27.46,50.0,1.34,0.3289,-13.29,0.8215
2026-06-23 20:00:00,32.32,27.46,76.6,0.88,0.3396,-13.23,0.8215
2026-06-23 21:00:00,32.57,27.46,67.2,1.78,0.2887,-13.64,0.8215
2026-06-23 22:00:00,32.34,27.46,82.6,0.88,0.328,-13.48,0.8215
2026-06-23 23:00:00,32.66,27.46,124.8,2.29,0.2851,-13.07,0.8215
2026-06-24 00:00:00,32.67,27.45,85.5,0.96,0.308,-13.24,0.8215
2026-06-24 01:00:00,32.53,27.45,75.3,0.99,0.3461,-12.74,0.8215
2026-06-24 02:00:00,32.94,27.45,93.8,2.51,0.3155,-13.08,0.8215
2026-06-24 03:00:00,32.73,27.45,87.2,0.62,0.3053,-13.06,0.8216
2026-06-24 04:00:00,32.17,27.45,86.3,0.17,0.3165,-13.72,0.8216
2026-06-24 05:00:00,31.55,27.44,89.1,0.04,0.3466,-12.98,0.8216
2026-06-24 06:00:00,31.56,27.44,110.8,1.69,0.2882,-13.22,0.8216
2026-06-24 07:00:00,31.25,27.44,63.0,1.16,0.298,-13.32,0.8216
2026-06-24 08:00:00,31.68,27.44,87.1,1.46,0.3389,-13.18,0.8216
2026-06-24 09:00:00,31.17,27.44,66.1,0.29,0.3411,-12.86,0.8216
2026-06-24 10:00:00,30.82,27.43,88.3,0.18,0.3095,-12.93,0.8216
2026-06-24 11:00:00,30.44,27.43,66.2,0.02,0.2902,-13.29,0.8216
2026-06-24 12:00:00,30.38,27.43,73.7,0.52,0.3398,-12.79,0.8217
2026-06-24 13:00:00,30.59,27.43,75.6,1.07,0.3336,-13.24,0.8217
2026-06-24 14:00:00,30.62,27.43,94.6,0.6,0.32,-12.99,0.8217
2026-06-24 15:00:00,30.46,27.42,93.8,0.69,0.2966,-13.12,0.8217
2026-06-24 16:00:00,31.12,27.42,61.3,2.81,0.3122,-13.2,0.8217
2026-06-24 17:00:00,30.97,27.42,80.8,0.51,0.3096,-12.88,0.8217
2026-06-24 18:00:00,30.88,27.42,69.4,0.87,0.3164,-13.41,0.8217
2026-06-24 19:00:00,31.42,27.42,61.1,1.84,0.3366,-12.6,0.8217
2026-06-24 20:00:00,31.29,27.41,76.7,0.61,0.3272,-13.71,0.8218
2026-06-24 21:00:00,31.42,27.41,75.4,1.17,0.2986,-13.36,0.8218
2026-06-24 22:00:00,31.94,27.41,116.4,2.38,0.3387,-13.16,0.8218
2026-06-24 23:00:00,32.9,27.41,86.5,3.58,0.3287,-13.25,0.8218
2026-06-25 00:00:00,32.4,27.41,59.3,0.19,0.3312,-13.38,0.8218
2026-06-25 01:00:00,32.78,27.4,71.5,3.13,0.3452,-13.43,0.8218
2026-06-25 02:00:00,32.55,27.4,95.3,0.81,0.3051,-13.25,0.8218
2026-06-25 03:00:00,32.03,27.4,111.3,0.36,0.3181,-13.35,0.8218
2026-06-25 04:00:00,31.73,27.4,56.2,0.74,0.3087,-12.82,0.8219
2026-06-25 05:00:00,33.01,27.4,51.8,4.7,0.3011,-13.19,0.8219
2026-06-25 06:00:00,32.88,27.39,108.1,0.81,0.3291,-13.16,0.8219
2026-06-25 07:00:00,32.46,27.39,85.8,0.48,0.359,-13.65,0.8219
2026-06-25 08:00:00,32.4,27.39,67.0,1.2,0.2933,-13.37,0.8219
2026-06-25 09:00:00,32.24,27.39,88.0,0.33,0.3194,-13.41,0.8219
2026-06-25 10:00:00,31.8,27.39,50.0,0.09,0.3268,-13.55,0.8219
2026-06-25 11:00:00,31.79,27.38,80.1,0.17,0.319,-13.14,0.8219
2026-06-25 12:00:00,31.48,27.38,84.9,0.16,0.3135,-13.36,0.822
2026-06-25 13:00:00,30.87,27.38,93.9,0.2,0.2919,-12.9,0.822
2026-06-25 14:00:00,30.7,27.38,64.8,0.18,0.3138,-13.39,0.822
2026-06-25 15:00:00,30.86,27.38,81.3,1.23,0.3,-12.58,0.822
2026-06-25 16:00:00,30.8,27.37,66.1,0.24,0.2781,-13.35,0.822
2026-06-25 17:00:00,30.74,27.37,83.8,0.51,0.3285,-13.01,0.822
2026-06-25 18:00:00,31.34,27.37,66.6,2.73,0.3287,-12.93,0.822
2026-06-25 19:00:00,31.03,27.37,73.9,0.77,0.3132,-13.29,0.822
2026-06-25 20:00:00,31.1,27.37,65.1,1.32,0.3162,-12.88,0.8221
2026-06-25 21:00:00,30.68,27.36,89.8,0.23,0.3263,-13.43,0.8221
2026-06-25 22:00:00,30.36,27.36,92.9,0.26,0.3116,-12.57,0.8221
2026-06-25 23:00:00,30.18,27.36,76.5,0.05,0.3207,-12.98,0.8221
2026-06-26 00:00:00,30.25,27.36,80.6,0.22,0.3031,-13.17,0.8221
2026-06-26 01:00:00,30.17,27.36,58.3,0.39,0.3268,-13.07,0.8221
2026-06-26 02:00:00,29.82,27.35,75.5,0.23,0.3097,-12.68,0.8221
2026-06-26 03:00:00,29.7,27.35,79.2,0.11,0.3071,-13.08,0.8221
2026-06-26 04:00:00,29.73,27.35,119.3,0.15,0.2853,-13.13,0.8222
2026-06-26 05:00:00,29.69,27.35,63.3,0.74,0.3084,-12.97,0.8222
2026-06-26 06:00:00,29.57,27.35,102.0,0.28,0.2908,-13.23,0.8222
2026-06-26 07:00:00,29.57,27.34,95.0,0.54,0.2938,-12.33,0.8222
2026-06-26 08:00:00,29.56,27.34,84.2,0.84,0.291,-13.05,0.8222
2026-06-26 09:00:00,29.96,27.34,106.4,1.41,0.2898,-12.69,0.8222
2026-06-26 10:00:00,29.72,27.34,85.6,0.05,0.3362,-12.84,0.8222
2026-06-26 11:00:00,30.26,27.34,85.8,1.93,0.3276,-13.29,0.8222
2026-06-26 12:00:00,30.27,27.33,79.2,1.19,0.3365,-13.0,0.8222
2026-06-26 13:00:00,29.97,27.33,98.4,0.1,0.2874,-12.71,0.8223
2026-06-26 14:00:00,30.71,27.33,96.4,2.48,0.3114,-13.12,0.8223
2026-06-26 15:00:00,31.39,27.33,70.6,3.04,0.2952,-12.82,0.8223
2026-06-26 16:00:00,31.27,27.33,60.2,0.08,0.3034,-12.85,0.8223
2026-06-26 17:00:00,30.95,27.32,77.0,0.39,0.2981,-12.83,0.8223
2026-06-26 18:00:00,31.32,27.32,68.0,1.97,0.3328,-13.31,0.8223
2026-06-26 19:00:00,31.64,27.32,79.0,1.66,0.3102,-13.54,0.8223
2026-06-26 20:00:00,31.08,27.32,98.6,0.24,0.3287,-13.31,0.8223
2026-06-26 21:00:00,30.54,27.32,73.1,0.28,0.3184,-12.98,0.8224
2026-06-26 22:00:00,30.2,27.31,79.4,0.56,0.3418,-12.82,0.8224
2026-06-26 23:00:00,30.41,27.31,80.9,0.8,0.2863,-13.67,0.8224
2026-06-27 00:00:00,30.44,27.31,92.7,1.16,0.3276,-13.03,0.8224
2026-06-27 01:00:00,30.72,27.31,50.0,0.55,0.3277,-13.02,0.8224
2026-06-27 02:00:00,30.57,27.31,70.9,0.75,0.295,-13.13,0.8224
2026-06-27 03:00:00,30.87,27.3,83.2,1.65,0.3265,-12.71,0.8224
2026-06-27 04:00:00,30.77,27.3,98.0,0.04,0.3158,-12.95,0.8224
2026-06-27 05:00:00,30.86,27.3,72.6,0.35,0.3079,-12.7,0.8225
2026-06-27 06:00:00,31.35,27.3,51.9,1.5,0.302,-13.24,0.8225
2026-06-27 07:00:00,32.08,27.3,89.3,2.71,0.3081,-13.01,0.8225
2026-06-27 08:00:00,32.04,27.29,70.5,0.86,0.3494,-12.8,0.8225
2026-06-27 09:00:00,31.97,27.29,62.2,0.91,0.3182,-12.88,0.8225
2026-06-27 10:00:00,31.66,27.29,70.6,0.14,0.328,-13.55,0.8225
2026-06-27 11:00:00,31.38,27.29,77.2,0.71,0.3027,-13.25,0.8225
2026-06-27 12:00:00,31.17,27.29,70.9,0.91,0.3016,-13.25,0.8225
2026-06-27 13:00:00,30.91,27.28,50.0,0.33,0.3279,-12.95,0.8226
2026-06-27 14:00:00,30.67,27.28,93.5,0.38,0.2899,-12.85,0.8226
2026-06-27 15:00:00,30.48,27.28,99.1,0.57,0.3027,-13.28,0.8226
2026-06-27 16:00:00,30.29,27.28,89.8,0.02,0.3083,-12.98,0.8226
2026-06-27 17:00:00,30.32,27.28,62.9,0.47,0.3097,-13.61,0.8226
2026-06-27 18:00:00,30.16,27.27,77.0,0.29,0.3043,-12.54,0.8226
2026-06-27 19:00:00,30.29,27.27,79.9,0.48,0.3137,-13.15,0.8226
2026-06-27 20:00:00,29.9,27.27,89.0,0.15,0.3157,-12.92,0.8226
2026-06-27 21:00:00,30.57,27.27,90.0,2.65,0.3205,-13.14,0.8227
2026-06-27 22:00:00,30.53,27.27,69.0,1.08,0.2945,-12.69,0.8227
2026-06-27 23:00:00,30.42,27.26,81.2,1.36,0.3044,-13.87,0.8227
2026-06-28 00:00:00,30.77,27.26,86.9,1.87,0.3287,-13.08,0.8227
2026-06-28 01:00:00,30.71,27.26,101.8,0.83,0.3238,-13.1,0.8227
2026-06-28 02:00:00,30.65,27.26,90.6,0.11,0.2895,-13.19,0.8227
2026-06-28 03:00:00,30.75,27.26,91.8,0.92,0.3159,-12.56,0.8227
2026-06-28 04:00:00,30.64,27.25,81.3,1.06,0.2803,-13.32,0.8227
2026-06-28 05:00:00,31.18,27.25,101.2,1.64,0.314,-12.91,0.8228
2026-06-28 06:00:00,31.22,27.25,86.1,0.68,0.342,-13.04,0.8228
2026-06-28 07:00:00,30.97,27.25,67.1,0.16,0.2978,-12.73,0.8228
2026-06-28 08:00:00,30.72,27.25,101.1,0.4,0.298,-13.27,0.8228
2026-06-28 09:00:00,30.44,27.24,90.5,0.54,0.3202,-13.24,0.8228
2026-06-28 10:00:00,30.53,27.24,73.4,1.25,0.2861,-12.71,0.8228
2026-06-28 11:00:00,30.74,27.24,72.8,1.01,0.3011,-12.95,0.8228
2026-06-28 12:00:00,30.88,27.24,84.4,0.53,0.3204,-13.56,0.8228
2026-06-28 13:00:00,32.58,27.24,86.9,5.17,0.3125,-13.54,0.8229
2026-06-28 14:00:00,32.35,27.23,83.0,1.12,0.317,-13.22,0.8229
2026-06-28 15:00:00,31.77,27.23,84.7,0.32,0.3281,-12.99,0.8229
2026-06-28 16:00:00,31.38,27.23,105.5,0.13,0.3209,-13.38,0.8229
2026-06-28 17:00:00,30.78,27.23,96.1,0.2,0.3148,-13.95,0.8229
2026-06-28 18:00:00,30.62,27.23,82.9,0.34,0.3047,-12.89,0.8229
2026-06-28 19:00:00,30.35,27.22,94.1,0.21,0.3137,-13.37,0.8229
2026-06-28 20:00:00,30.09,27.22,64.5,0.25,0.3047,-13.57,0.8229
2026-06-28 21:00:00,29.74,27.22,86.0,0.4,0.3112,-13.76,0.8229
2026-06-28 22:00:00,29.69,27.22,107.1,0.23,0.2966,-12.65,0.823
2026-06-28 23:00:00,30.36,27.22,76.7,2.72,0.3055,-12.97,0.823
2026-06-29 00:00:00,29.93,27.21,67.3,0.1,0.2907,-13.01,0.823
2026-06-29 01:00:00,29.58,27.21,70.2,0.89,0.3029,-12.46,0.823
2026-06-29 02:00:00,29.61,27.21,63.7,0.63,0.2914,-12.69,0.823
2026-06-29 03:00:00,31.38,27.21,68.2,4.85,0.2978,-12.69,0.823
2026-06-29 04:00:00,31.27,27.21,74.4,0.14,0.3178,-13.58,0.823
2026-06-29 05:00:00,31.03,27.2,58.9,0.61,0.3155,-13.13,0.823
2026-06-29 06:00:00,32.04,27.2,80.2,4.19,0.3304,-13.77,0.8231
2026-06-29 07:00:00,32.47,27.2,93.5,2.41,0.3148,-13.43,0.8231
2026-06-29 08:00:00,32.49,27.2,66.4,2.04,0.3276,-13.44,0.8231
2026-06-29 09:00:00,32.13,27.2,102.8,0.36,0.3274,-13.11,0.8231
2026-06-29 10:00:00,31.82,27.19,87.7,0.22,0.324,-13.24,0.8231
2026-06-29 11:00:00,32.01,27.19,95.5,1.33,0.3061,-13.1,0.8231
2026-06-29 12:00:00,32.63,27.19,70.1,3.18,0.3245,-13.17,0.8231
2026-06-29 13:00:00,32.39,27.19,92.8,0.98,0.3262,-12.7,0.8231
2026-06-29 14:00:00,32.08,27.19,63.6,1.02,0.319,-13.39,0.8232
2026-06-29 15:00:00,31.61,27.18,93.4,0.39,0.2847,-13.5,0.8232
2026-06-29 16:00:00,31.76,27.18,82.6,1.76,0.3193,-13.17,0.8232
2026-06-29 17:00:00,31.45,27.18,88.3,0.25,0.3482,-13.43,0.8232
2026-06-29 18:00:00,31.34,27.18,62.4,0.47,0.3089,-12.73,0.8232
2026-06-29 19:00:00,31.05,27.18,66.6,0.66,0.3016,-13.21,0.8232
2026-06-29 20:00:00,31.2,27.17,89.0,0.85,0.3191,-13.32,0.8232
2026-06-29 21:00:00,30.89,27.17,65.8,0.33,0.3162,-13.24,0.8232
2026-06-29 22:00:00,30.6,27.17,86.9,0.15,0.3276,-12.83,0.8233
2026-06-29 23:00:00,30.57,27.17,59.5,1.13,0.2907,-13.09,0.8233
2026-06-30 00:00:00,30.04,27.17,92.7,0.41,0.3172,-13.15,0.8233
2026-06-30 01:00:00,30.29,27.16,61.5,1.04,0.3167,-12.5,0.8233
2026-06-30 02:00:00,30.2,27.16,88.3,0.2,0.3051,-13.24,0.8233
2026-06-30 03:00:00,30.17,27.16,89.4,0.79,0.3121,-12.97,0.8233
2026-06-30 04:00:00,30.24,27.16,69.5,0.91,0.3229,-12.79,0.8233
2026-06-30 05:00:00,30.07,27.16,88.7,0.06,0.3195,-13.45,0.8233
2026-06-30 06:00:00,29.76,27.15,83.9,0.49,0.2874,-12.77,0.8234
2026-06-30 07:00:00,29.53,27.15,71.9,0.17,0.3154,-13.19,0.8234
2026-06-30 08:00:00,29.49,27.15,64.9,0.08,0.3019,-12.62,0.8234
2026-06-30 09:00:00,31.06,27.15,50.6,5.52,0.3136,-13.41,0.8234
2026-06-30 10:00:00,30.9,27.15,85.2,0.47,0.3127,-12.89,0.8234
2026-06-30 11:00:00,31.04,27.14,56.5,1.99,0.3102,-12.79,0.8234
2026-06-30 12:00:00,30.87,27.14,81.4,0.35,0.3293,-12.84,0.8234
2026-06-30 13:00:00,31.0,27.14,76.0,1.37,0.311,-13.04,0.8234
2026-06-30 14:00:00,31.0,27.14,90.2,1.71,0.2954,-13.18,0.8235
2026-06-30 15:00:00,31.19,27.14,75.5,1.09,0.3075,-13.32,0.8235
2026-06-30 16:00:00,30.97,27.13,75.1,0.77,0.3147,-12.67,0.8235
2026-06-30 17:00:00,30.71,27.13,91.0,0.64,0.3289,-13.28,0.8235
2026-06-30 18:00:00,30.6,27.13,85.0,0.51,0.3188,-13.36,0.8235
2026-06-30 19:00:00,31.57,27.13,84.7,3.18,0.303,-13.01,0.8235
2026-06-30 20:00:00,31.74,27.13,87.0,2.13,0.3541,-13.48,0.8235
2026-06-30 21:00:00,32.71,27.12,57.0,4.02,0.3268,-13.68,0.8235
2026-06-30 22:00:00,32.26,27.12,91.4,0.16,0.3392,-13.76,0.8236
2026-06-30 23:00:00,32.41,27.12,89.2,1.58,0.3186,-13.49,0.8236
2026-07-01 00:00:00,33.07,27.12,64.7,3.34,0.3331,-13.48,0.8236
2026-07-01 01:00:00,32.49,27.12,76.3,0.24,0.3341,-13.29,0.8236
2026-07-01 02:00:00,31.86,27.11,79.4,0.08,0.3358,-12.97,0.8236
2026-07-01 03:00:00,31.98,27.11,78.0,1.62,0.3341,-13.12,0.8236
2026-07-01 04:00:00,31.7,27.11,85.0,1.03,0.3296,-13.29,0.8236
2026-07-01 05:00:00,31.59,27.11,101.5,2.21,0.3111,-13.27,0.8236
2026-07-01 06:00:00,31.29,27.11,96.2,0.18,0.3054,-13.01,0.8236
2026-07-01 07:00:00,31.7,27.1,60.3,1.9,0.3215,-12.85,0.8237
2026-07-01 08:00:00,30.99,27.1,89.3,0.27,0.3261,-13.08,0.8237
2026-07-01 09:00:00,30.56,27.1,99.9,0.21,0.3061,-13.18,0.8237
2026-07-01 10:00:00,30.42,27.1,85.8,0.22,0.3246,-13.32,0.8237
2026-07-01 11:00:00,31.14,27.1,96.4,2.02,0.3349,-13.57,0.8237
2026-07-01 12:00:00,31.23,27.09,110.2,1.31,0.2999,-12.95,0.8237
2026-07-01 13:00:00,31.04,27.09,95.4,0.89,0.2999,-12.95,0.8237
2026-07-01 14:00:00,30.84,27.09,83.7,0.53,0.3091,-12.92,0.8237
2026-07-01 15:00:00,31.58,27.09,95.7,2.52,0.3204,-13.25,0.8238
2026-07-01 16:00:00,31.27,27.09,82.2,0.6,0.306,-12.74,0.8238
2026-07-01 17:00:00,31.47,27.08,80.4,2.04,0.3354,-13.34,0.8238
2026-07-01 18:00:00,31.22,27.08,74.7,0.69,0.3199,-12.86,0.8238
2026-07-01 19:00:00,30.89,27.08,103.5,0.57,0.3121,-13.11,0.8238
2026-07-01 20:00:00,30.82,27.08,67.7,0.75,0.2896,-13.27,0.8238
2026-07-01 21:00:00,30.88,27.08,103.0,0.43,0.2917,-12.92,0.8238
2026-07-01 22:00:00,31.16,27.07,87.5,1.65,0.3174,-13.02,0.8238
2026-07-01 23:00:00,31.04,27.07,59.0,0.84,0.2804,-13.01,0.8239
2026-07-02 00:00:00,30.74,27.07,85.5,0.32,0.3258,-13.05,0.8239
2026-07-02 01:00:00,31.14,27.07,50.0,2.76,0.3107,-13.15,0.8239
2026-07-02 02:00:00,31.1,27.07,89.4,0.58,0.3615,-12.42,0.8239
2026-07-02 03:00:00,31.05,27.06,93.3,0.94,0.3471,-12.77,0.8239
2026-07-02 04:00:00,31.65,27.06,71.1,2.84,0.3135,-13.01,0.8239
2026-07-02 05:00:00,32.1,27.06,81.9,1.17,0.3174,-13.26,0.8239
2026-07-02 06:00:00,31.71,27.06,109.3,0.15,0.3315,-12.93,0.8239
2026-07-02 07:00:00,32.33,27.06,72.4,3.37,0.346,-13.18,0.824
2026-07-02 08:00:00,32.16,27.05,64.1,1.19,0.2948,-13.3,0.824
2026-07-02 09:00:00,32.0,27.05,102.2,0.49,0.2916,-13.37,0.824
2026-07-02 10:00:00,31.6,27.05,109.4,0.18,0.3066,-13.24,0.824
2026-07-02 11:00:00,31.62,27.05,80.1,1.9,0.3248,-14.17,0.824
2026-07-02 12:00:00,31.73,27.05,95.2,1.16,0.3242,-13.17,0.824
2026-07-02 13:00:00,31.5,27.04,100.1,0.91,0.3314,-13.34,0.824
2026-07-02 14:00:00,32.3,27.04,68.9,2.69,0.3023,-12.85,0.824
2026-07-02 15:00:00,32.6,27.04,72.7,1.86,0.2874,-13.37,0.8241
2026-07-02 16:00:00,32.05,27.04,98.5,0.2,0.3316,-13.65,0.8241
2026-07-02 17:00:00,31.92,27.04,105.3,0.45,0.3055,-13.28,0.8241
2026-07-02 18:00:00,31.58,27.03,88.4,0.34,0.2855,-13.52,0.8241
2026-07-02 19:00:00,31.85,27.03,66.8,1.63,0.3196,-13.11,0.8241
2026-07-02 20:00:00,31.47,27.03,109.8,0.04,0.327,-13.11,0.8241
2026-07-02 21:00:00,31.28,27.03,72.0,1.01,0.3121,-12.87,0.8241
2026-07-02 22:00:00,31.4,27.03,75.0,1.72,0.3078,-13.42,0.8241
2026-07-02 23:00:00,32.02,27.02,85.1,2.51,0.3161,-13.27,0.8242
2026-07-03 00:00:00,31.67,27.02,103.3,0.5,0.3108,-13.63,0.8242
2026-07-03 01:00:00,31.89,27.02,92.8,2.07,0.2975,-13.05,0.8242
2026-07-03 02:00:00,31.33,27.02,86.2,0.14,0.3035,-13.01,0.8242
2026-07-03 03:00:00,31.78,27.02,86.9,2.25,0.3248,-13.09,0.8242
2026-07-03 04:00:00,31.69,27.01,80.7,0.16,0.3213,-13.23,0.8242
2026-07-03 05:00:00,31.3,27.01,88.4,0.61,0.3166,-13.04,0.8242
2026-07-03 06:00:00,31.58,27.01,50.0,1.92,0.3009,-12.73,0.8242
2026-07-03 07:00:00,31.43,27.01,75.6,0.19,0.3121,-13.27,0.8243
2026-07-03 08:00:00,31.12,27.01,83.6,0.31,0.2803,-13.09,0.8243
2026-07-03 09:00:00,31.35,27.0,62.7,1.54,0.317,-13.5,0.8243
2026-07-03 10:00:00,31.32,27.0,85.8,1.53,0.3356,-13.43,0.8243
2026-07-03 11:00:00,31.42,27.0,76.9,1.23,0.2927,-13.15,0.8243
2026-07-03 12:00:00,31.48,27.0,106.3,1.42,0.3064,-12.86,0.8243
2026-07-03 13:00:00,31.54,27.0,103.6,0.94,0.3205,-13.28,0.8243
2026-07-03 14:00:00,31.41,26.99,73.0,0.35,0.3335,-13.25,0.8243
2026-07-03 15:00:00,31.57,26.99,77.7,0.51,0.309,-13.33,0.8244
2026-07-03 16:00:00,31.31,26.99,78.9,0.24,0.3037,-13.33,0.8244
2026-07-03 17:00:00,31.97,26.99,73.2,2.87,0.2887,-13.19,0.8244
2026-07-03 18:00:00,31.89,26.99,82.9,1.05,0.3193,-13.71,0.8244
2026-07-03 19:00:00,31.58,26.98,68.6,0.61,0.3464,-12.83,0.8244
2026-07-03 20:00:00,31.46,26.98,63.0,0.74,0.3192,-13.39,0.8244
2026-07-03 21:00:00,32.24,26.98,89.3,3.53,0.3196,-13.1,0.8244
2026-07-03 22:00:00,31.83,26.98,89.4,0.2,0.3222,-13.63,0.8244
2026-07-03 23:00:00,31.94,26.98,67.9,1.06,0.3178,-13.07,0.8244
2026-07-04 00:00:00,31.61,26.97,93.4,0.85,0.3038,-13.01,0.8245
2026-07-04 01:00:00,31.74,26.97,70.5,1.13,0.3292,-13.12,0.8245
2026-07-04 02:00:00,31.5,26.97,83.8,0.02,0.3187,-13.5,0.8245
2026-07-04 03:00:00,31.93,26.97,92.3,2.47,0.3182,-13.19,0.8245
2026-07-04 04:00:00,32.27,26.97,79.5,3.23,0.3054,-13.68,0.8245
2026-07-04 05:00:00,32.01,26.96,86.8,1.0,0.338,-13.36,0.8245
2026-07-04 06:00:00,32.23,26.96,72.3,1.43,0.3298,-13.01,0.8245
2026-07-04 07:00:00,32.79,26.96,77.1,3.07,0.315,-13.17,0.8245
2026-07-04 08:00:00,32.58,26.96,76.9,1.47,0.337,-13.37,0.8246
2026-07-04 09:00:00,32.03,26.96,68.8,0.2,0.3111,-13.58,0.8246
2026-07-04 10:00:00,32.03,26.95,77.3,1.03,0.3069,-13.09,0.8246
2026-07-04 11:00:00,32.02,26.95,56.8,1.12,0.3071,-13.28,0.8246
2026-07-04 12:00:00,31.73,26.95,72.6,0.66,0.2902,-13.93,0.8246
2026-07-04 13:00:00,31.79,26.95,75.7,1.6,0.3242,-13.01,0.8246
2026-07-04 14:00:00,32.42,26.95,76.2,3.27,0.2935,-13.36,0.8246
2026-07-04 15:00:00,32.84,26.94,76.4,3.12,0.3052,-13.06,0.8246
2026-07-04 16:00:00,32.76,26.94,79.1,0.72,0.292,-13.73,0.8247
2026-07-04 17:00:00,32.19,26.94,87.2,0.14,0.3183,-14.26,0.8247
2026-07-04 18:00:00,33.63,26.94,93.1,5.03,0.3262,-13.46,0.8247
2026-07-04 19:00:00,33.95,26.94,70.3,2.19,0.3256,-13.51,0.8247
2026-07-04 20:00:00,33.44,26.93,62.0,0.16,0.3117,-14.02,0.8247
2026-07-04 21:00:00,33.79,26.93,64.4,3.04,0.3119,-13.87,0.8247
2026-07-04 22:00:00,34.01,26.93,72.7,2.45,0.3378,-12.78,0.8247
2026-07-04 23:00:00,33.59,26.93,74.7,0.88,0.32,-13.63,0.8247
2026-07-05 00:00:00,33.16,26.93,68.5,1.07,0.3303,-13.25,0.8248
2026-07-05 01:00:00,32.8,26.92,60.6,0.61,0.3101,-13.61,0.8248
2026-07-05 02:00:00,32.07,26.92,73.2,0.07,0.3216,-13.92,0.8248
2026-07-05 03:00:00,31.94,26.92,82.7,0.49,0.3375,-13.32,0.8248
2026-07-05 04:00:00,32.08,26.92,88.9,1.95,0.3277,-13.37,0.8248
2026-07-05 05:00:00,31.62,26.92,71.6,0.01,0.3098,-13.34,0.8248
2026-07-05 06:00:00,31.4,26.91,73.8,0.49,0.3185,-13.21,0.8248
2026-07-05 07:00:00,31.16,26.91,66.1,0.61,0.3096,-13.06,0.8248
2026-07-05 08:00:00,31.2,26.91,79.5,0.93,0.3135,-13.19,0.8249
2026-07-05 09:00:00,31.8,26.91,67.3,3.03,0.3123,-13.63,0.8249
2026-07-05 10:00:00,31.65,26.91,88.6,0.51,0.3138,-13.08,0.8249
2026-07-05 11:00:00,31.19,26.9,53.2,0.51,0.3166,-13.73,0.8249
2026-07-05 12:00:00,31.39,26.9,74.6,1.61,0.2997,-13.79,0.8249
2026-07-05 13:00:00,31.53,26.9,84.5,0.72,0.3002,-12.98,0.8249
2026-07-05 14:00:00,31.06,26.9,82.8,0.31,0.2917,-12.97,0.8249
2026-07-05 15:00:00,30.84,26.9,120.4,0.72,0.2872,-13.11,0.8249
2026-07-05 16:00:00,30.64,26.89,85.2,0.18,0.2917,-13.47,0.825
2026-07-05 17:00:00,30.44,26.89,64.9,0.23,0.3111,-13.23,0.825
2026-07-05 18:00:00,30.49,26.89,78.6,0.83,0.2956,-13.11,0.825
2026-07-05 19:00:00,30.49,26.89,53.4,0.65,0.3167,-13.51,0.825
2026-07-05 20:00:00,31.32,26.89,78.8,2.96,0.3147,-13.39,0.825
2026-07-05 21:00:00,31.28,26.88,67.5,0.54,0.2844,-12.96,0.825
2026-07-05 22:00:00,31.31,26.88,93.7,1.04,0.3239,-12.74,0.825
2026-07-05 23:00:00,31.3,26.88,71.8,1.2,0.3262,-13.29,0.825
2026-07-06 00:00:00,31.01,26.88,78.2,0.02,0.2973,-12.89,0.8251
2026-07-06 01:00:00,31.39,26.88,70.5,1.31,0.3209,-13.75,0.8251
2026-07-06 02:00:00,31.04,26.87,106.1,0.24,0.2996,-12.92,0.8251
2026-07-06 03:00:00,31.9,26.87,75.2,3.9,0.3192,-13.5,0.8251
2026-07-06 04:00:00,31.66,26.87,107.5,0.19,0.2973,-13.13,0.8251
2026-07-06 05:00:00,31.43,26.87,92.2,0.64,0.288,-13.26,0.8251
2026-07-06 06:00:00,30.73,26.87,87.2,0.11,0.3048,-12.67,0.8251
2026-07-06 07:00:00,32.95,26.86,85.5,6.92,0.3224,-13.7,0.8251
2026-07-06 08:00:00,32.57,26.86,85.9,0.84,0.316,-13.19,0.8252
2026-07-06 09:00:00,32.39,26.86,51.1,1.09,0.303,-13.43,0.8252
2026-07-06 10:00:00,31.94,26.86,75.8,0.08,0.312,-13.32,0.8252
2026-07-06 11:00:00,32.08,26.86,92.7,1.66,0.3229,-13.35,0.8252
2026-07-06 12:00:00,31.79,26.85,79.3,0.28,0.3165,-13.5,0.8252
2026-07-06 13:00:00,32.23,26.85,58.9,2.74,0.3226,-13.32,0.8252
2026-07-06 14:00:00,31.9,26.85,79.2,0.28,0.3077,-13.28,0.8252
2026-07-06 15:00:00,31.48,26.85,105.6,0.25,0.3328,-13.12,0.8252
2026-07-06 16:00:00,31.19,26.85,98.7,0.04,0.2957,-13.12,0.8253
2026-07-06 17:00:00,31.17,26.84,79.1,0.77,0.3205,-12.9,0.8253
2026-07-06 18:00:00,31.0,26.84,94.3,1.0,0.3299,-12.84,0.8253
2026-07-06 19:00:00,30.83,26.84,74.5,0.08,0.3183,-13.4,0.8253
2026-07-06 20:00:00,31.04,26.84,54.4,1.79,0.3094,-12.86,0.8253
2026-07-06 21:00:00,31.05,26.84,66.1,0.72,0.3046,-13.48,0.8253
2026-07-06 22:00:00,31.05,26.83,103.4,0.89,0.328,-12.95,0.8253
2026-07-06 23:00:00,31.2,26.83,75.9,0.7,0.2921,-12.96,0.8253
2026-07-07 00:00:00,31.0,26.83,76.3,0.61,0.2976,-13.69,0.8254
2026-07-07 01:00:00,30.93,26.83,75.5,0.98,0.3058,-13.08,0.8254
2026-07-07 02:00:00,30.65,26.83,108.6,0.2,0.3286,-13.2,0.8254
2026-07-07 03:00:00,30.37,26.82,104.4,0.24,0.314,-13.24,0.8254
2026-07-07 04:00:00,31.04,26.82,113.3,2.37,0.2979,-12.72,0.8254
2026-07-07 05:00:00,31.66,26.82,77.6,3.51,0.3116,-13.42,0.8254
2026-07-07 06:00:00,31.26,26.82,84.4,0.56,0.3046,-13.4,0.8254
2026-07-07 07:00:00,30.84,26.82,57.3,0.38,0.3005,-13.07,0.8254
2026-07-07 08:00:00,31.07,26.81,102.2,1.24,0.3273,-12.92,0.8254
2026-07-07 09:00:00,31.18,26.81,62.5,0.63,0.2927,-13.19,0.8255
2026-07-07 10:00:00,30.79,26.81,83.3,0.03,0.3351,-12.73,0.8255
2026-07-07 11:00:00,30.51,26.81,63.5,0.2,0.3216,-12.87,0.8255
2026-07-07 12:00:00,30.74,26.81,71.2,1.51,0.327,-13.73,0.8255
2026-07-07 13:00:00,31.04,26.8,67.4,1.29,0.3055,-13.28,0.8255
2026-07-07 14:00:00,30.55,26.8,70.9,0.03,0.3072,-13.21,0.8255
2026-07-07 15:00:00,30.38,26.8,71.9,0.3,0.2869,-12.87,0.8255
2026-07-07 16:00:00,30.35,26.8,71.8,0.32,0.3003,-13.8,0.8255
2026-07-07 17:00:00,30.61,26.8,92.5,1.34,0.3172,-12.29,0.8256
2026-07-07 18:00:00,30.34,26.79,63.4,0.02,0.3275,-12.85,0.8256
2026-07-07 19:00:00,30.25,26.79,83.3,0.13,0.291,-12.95,0.8256
2026-07-07 20:00:00,30.25,26.79,98.3,1.93,0.3021,-12.64,0.8256
2026-07-07 21:00:00,30.17,26.79,72.3,0.24,0.3048,-12.27,0.8256
2026-07-07 22:00:00,30.25,26.79,69.2,1.27,0.2866,-12.73,0.8256
2026-07-07 23:00:00,29.82,26.78,76.5,0.33,0.3138,-12.64,0.8256
2026-07-08 00:00:00,29.72,26.78,97.7,0.13,0.2934,-12.87,0.8256
2026-07-08 01:00:00,29.84,26.78,82.9,0.33,0.3021,-12.97,0.8257
2026-07-08 02:00:00,30.14,26.78,72.0,1.54,0.3001,-13.12,0.8257
2026-07-08 03:00:00,30.84,26.78,87.3,2.32,0.2993,-13.34,0.8257
2026-07-08 04:00:00,31.48,26.77,63.5,2.13,0.3151,-13.4,0.8257
2026-07-08 05:00:00,31.47,26.77,90.2,0.61,0.3119,-13.6,0.8257
2026-07-08 06:00:00,31.77,26.77,86.1,1.32,0.3114,-13.26,0.8257
2026-07-08 07:00:00,31.52,26.77,75.4,0.28,0.3045,-13.71,0.8257
2026-07-08 08:00:00,31.26,26.77,67.4,0.42,0.3186,-13.1,0.8257
2026-07-08 09:00:00,31.58,26.76,66.7,2.72,0.3406,-13.22,0.8258
2026-07-08 10:00:00,31.12,26.76,88.0,0.02,0.315,-13.09,0.8258
2026-07-08 11:00:00,30.65,26.76,98.4,0.11,0.325,-13.21,0.8258
2026-07-08 12:00:00,30.76,26.76,70.4,0.28,0.2899,-12.15,0.8258
2026-07-08 13:00:00,30.41,26.76,86.9,0.03,0.3109,-12.61,0.8258
2026-07-08 14:00:00,30.23,26.75,50.0,0.24,0.2909,-13.36,0.8258
2026-07-08 15:00:00,30.41,26.75,71.2,1.05,0.2864,-12.95,0.8258
2026-07-08 16:00:00,30.36,26.75,79.5,0.66,0.2971,-13.19,0.8258
2026-07-08 17:00:00,31.27,26.75,66.4,2.68,0.3317,-13.46,0.8259
2026-07-08 18:00:00,31.49,26.75,66.0,2.04,0.3295,-13.6,0.8259
2026-07-08 19:00:00,31.28,26.74,70.0,0.5,0.3176,-13.03,0.8259
2026-07-08 20:00:00,30.9,26.74,84.4,0.36,0.2886,-13.3,0.8259
2026-07-08 21:00:00,30.56,26.74,77.2,0.57,0.3065,-12.75,0.8259
2026-07-08 22:00:00,30.53,26.74,50.0,1.07,0.3138,-12.74,0.8259
2026-07-08 23:00:00,30.35,26.74,50.0,0.37,0.3108,-12.6,0.8259
2026-07-09 00:00:00,30.42,26.73,70.9,1.17,0.2809,-13.27,0.8259
2026-07-09 01:00:00,30.24,26.73,86.9,0.63,0.2942,-12.85,0.826
2026-07-09 02:00:00,30.1,26.73,50.0,0.96,0.3057,-12.78,0.826
2026-07-09 03:00:00,30.08,26.73,72.5,0.69,0.3145,-13.11,0.826
2026-07-09 04:00:00,29.75,26.73,72.1,0.42,0.2715,-13.14,0.826
2026-07-09 05:00:00,30.9,26.72,100.8,3.56,0.3091,-12.62,0.826
2026-07-09 06:00:00,31.17,26.72,74.2,1.73,0.3154,-13.07,0.826
2026-07-09 07:00:00,30.63,26.72,85.7,0.18,0.3227,-12.86,0.826
2026-07-09 08:00:00,31.12,26.72,82.1,2.43,0.3234,-13.38,0.826
2026-07-09 09:00:00,30.92,26.72,50.0,0.8,0.3204,-13.47,0.8261
2026-07-09 10:00:00,31.56,26.71,91.5,2.7,0.3037,-13.38,0.8261
2026-07-09 11:00:00,32.01,26.71,83.2,1.93,0.2898,-13.32,0.8261
2026-07-09 12:00:00,31.48,26.71,87.6,0.66,0.3093,-13.51,0.8261
2026-07-09 13:00:00,31.09,26.71,138.9,0.03,0.3278,-13.13,0.8261
2026-07-09 14:00:00,30.82,26.71,50.0,0.38,0.332,-13.59,0.8261
2026-07-09 15:00:00,30.91,26.7,105.9,0.94,0.3223,-13.44,0.8261
2026-07-09 16:00:00,31.02,26.7,75.7,1.2,0.3188,-12.92,0.8261
2026-07-09 17:00:00,30.67,26.7,84.3,0.36,0.3158,-12.88,0.8262
2026-07-09 18:00:00,30.36,26.7,79.3,0.18,0.2999,-13.13,0.8262
2026-07-09 19:00:00,30.72,26.7,73.6,2.16,0.3085,-13.37,0.8262
2026-07-09 20:00:00,32.3,26.69,71.5,4.99,0.3453,-13.64,0.8262
2026-07-09 21:00:00,32.1,26.69,84.9,0.9,0.3049,-13.41,0.8262
2026-07-09 22:00:00,31.97,26.69,57.2,0.23,0.3425,-13.08,0.8262
2026-07-09 23:00:00,31.62,26.69,91.3,0.38,0.3112,-12.94,0.8262
2026-07-10 00:00:00,31.09,26.69,73.8,0.02,0.3326,-13.28,0.8262
2026-07-10 01:00:00,31.52,26.68,63.0,2.95,0.2943,-13.55,0.8263
2026-07-10 02:00:00,30.88,26.68,73.2,0.15,0.3203,-13.02,0.8263
2026-07-10 03:00:00,30.66,26.68,98.9,1.03,0.299,-13.31,0.8263
2026-07-10 04:00:00,30.51,26.68,72.0,0.38,0.288,-13.19,0.8263
2026-07-10 05:00:00,30.63,26.68,85.4,0.97,0.3132,-12.66,0.8263
2026-07-10 06:00:00,30.52,26.67,69.0,1.26,0.3244,-12.79,0.8263
2026-07-10 07:00:00,31.09,26.67,91.4,2.12,0.3001,-13.08,0.8263
2026-07-10 08:00:00,30.75,26.67,90.3,0.28,0.2881,-13.45,0.8263
2026-07-10 09:00:00,30.44,26.67,107.7,0.01,0.3074,-12.96,0.8264
2026-07-10 10:00:00,30.45,26.67,77.4,0.18,0.3075,-12.71,0.8264
2026-07-10 11:00:00,31.26,26.66,90.0,2.76,0.322,-13.27,0.8264
2026-07-10 12:00:00,31.7,26.66,81.5,2.48,0.3308,-12.83,0.8264
2026-07-10 13:00:00,31.5,26.66,99.4,1.09,0.3144,-12.81,0.8264
2026-07-10 14:00:00,31.15,26.66,69.2,1.1,0.3409,-12.64,0.8264
2026-07-10 15:00:00,31.12,26.66,91.2,1.31,0.3163,-13.04,0.8264
2026-07-10 16:00:00,30.8,26.65,77.1,0.23,0.3057,-12.9,0.8264
2026-07-10 17:00:00,31.34,26.65,79.0,2.95,0.2902,-12.75,0.8265
2026-07-10 18:00:00,31.15,26.65,81.4,0.65,0.3092,-13.01,0.8265
2026-07-10 19:00:00,30.99,26.65,83.8,0.58,0.3071,-13.26,0.8265
2026-07-10 20:00:00,30.9,26.65,78.3,0.88,0.326,-13.23,0.8265
2026-07-10 21:00:00,30.48,26.64,83.2,0.06,0.3159,-12.96,0.8265
2026-07-10 22:00:00,30.28,26.64,103.7,0.22,0.2901,-13.38,0.8265
2026-07-10 23:00:00,30.64,26.64,94.8,1.61,0.3125,-13.1,0.8265
2026-07-11 00:00:00,30.19,26.64,93.0,0.1,0.3173,-12.65,0.8265
2026-07-11 01:00:00,30.53,26.64,73.2,1.11,0.3322,-13.69,0.8265
2026-07-11 02:00:00,30.33,26.63,66.7,0.34,0.3214,-12.54,0.8266
2026-07-11 03:00:00,30.26,26.63,94.3,0.59,0.319,-12.66,0.8266
2026-07-11 04:00:00,30.24,26.63,93.1,0.41,0.3084,-13.13,0.8266
2026-07-11 05:00:00,30.19,26.63,102.1,0.53,0.313,-12.82,0.8266
2026-07-11 06:00:00,30.6,26.63,70.9,1.52,0.3285,-13.05,0.8266
2026-07-11 07:00:00,30.48,26.62,76.6,0.42,0.289,-12.66,0.8266
2026-07-11 08:00:00,30.44,26.62,55.4,1.0,0.3035,-12.73,0.8266
2026-07-11 09:00:00,30.48,26.62,74.1,0.78,0.2974,-13.45,0.8266
2026-07-11 10:00:00,30.46,26.62,94.9,1.31,0.3146,-12.85,0.8267
2026-07-11 11:00:00,31.34,26.62,73.0,3.31,0.3328,-13.23,0.8267
2026-07-11 12:00:00,31.49,26.61,89.6,1.58,0.3063,-13.17,0.8267
2026-07-11 13:00:00,31.14,26.61,77.1,0.29,0.2772,-13.36,0.8267
2026-07-11 14:00:00,30.76,26.61,84.9,0.04,0.3045,-12.55,0.8267
2026-07-11 15:00:00,30.27,26.61,62.8,0.37,0.3214,-12.68,0.8267
2026-07-11 16:00:00,30.3,26.61,81.3,1.08,0.3159,-13.22,0.8267
2026-07-11 17:00:00,30.06,26.6,50.0,0.06,0.3128,-13.36,0.8267
2026-07-11 18:00:00,30.12,26.6,77.2,0.82,0.3026,-13.09,0.8268
2026-07-11 19:00:00,30.1,26.6,55.5,1.09,0.2874,-12.84,0.8268
2026-07-11 20:00:00,30.21,26.6,98.1,0.49,0.315,-12.91,0.8268
2026-07-11 21:00:00,30.43,26.6,91.7,1.77,0.2962,-12.65,0.8268
2026-07-11 22:00:00,30.33,26.59,87.0,0.14,0.3408,-12.77,0.8268
2026-07-11 23:00:00,30.15,26.59,102.8,0.09,0.3155,-12.68,0.8268
2026-07-12 00:00:00,30.34,26.59,65.8,1.56,0.2994,-12.91,0.8268
2026-07-12 01:00:00,30.61,26.59,106.2,0.82,0.3006,-13.47,0.8268
2026-07-12 02:00:00,30.61,26.59,94.0,1.4,0.3084,-13.11,0.8269
2026-07-12 03:00:00,30.67,26.58,76.5,0.68,0.3066,-12.74,0.8269
2026-07-12 04:00:00,30.62,26.58,97.0,0.34,0.3266,-13.07,0.8269
2026-07-12 05:00:00,30.93,26.58,63.4,2.05,0.3145,-12.95,0.8269
2026-07-12 06:00:00,31.46,26.58,67.6,1.93,0.3041,-13.29,0.8269
2026-07-12 07:00:00,31.5,26.58,70.9,1.42,0.3437,-13.51,0.8269
2026-07-12 08:00:00,31.26,26.57,72.1,0.38,0.3146,-13.19,0.8269
2026-07-12 09:00:00,31.28,26.57,64.2,1.07,0.3255,-13.07,0.8269
2026-07-12 10:00:00,31.06,26.57,98.3,0.54,0.3034,-13.32,0.827
2026-07-12 11:00:00,30.85,26.57,76.1,0.12,0.3167,-13.16,0.827
2026-07-12 12:00:00,31.68,26.57,85.3,2.99,0.3211,-13.51,0.827
2026-07-12 13:00:00,31.03,26.56,71.4,0.18,0.2841,-12.78,0.827
2026-07-12 14:00:00,32.13,26.56,52.7,3.6,0.3494,-13.39,0.827
2026-07-12 15:00:00,31.63,26.56,84.1,0.71,0.3355,-12.78,0.827
